,Wk,Day,Date,Time,Home,xG,Score,xG.1,Away,Attendance,Venue,Referee,Match Report,Notes,rank_x,name_x,league_x,rating_x,off_x,def_x,spi_x,rank_y,name_y,league_y,rating_y,off_y,def_y,spi_y
0,1.0,Fri,2023-08-11,20:00,Burnley,,,,Manchester City,,Turf Moor,,Head-to-Head,,16.0,Burnley,Barclays Premier League,82.4,1.53,0.82,62.94,1.0,Manchester City,Barclays Premier League,100.0,2.79,0.28,92.0
1,1.0,Sat,2023-08-12,12:30,Arsenal,,,,Nott'ham Forest,,Emirates Stadium,,Head-to-Head,,3.0,Arsenal,Barclays Premier League,92.8,2.53,0.61,83.92,15.0,Nott'ham Forest,Barclays Premier League,82.5,1.64,1.19,56.13
2,1.0,Sat,2023-08-12,15:00,Everton,,,,Fulham,,Goodison Park,,Head-to-Head,,17.0,Everton,Barclays Premier League,82.4,1.82,1.03,63.63,13.0,Fulham,Barclays Premier League,84.9,1.9,0.9,68.22
3,1.0,Sat,2023-08-12,15:00,Sheffield Utd,,,,Crystal Palace,,Bramall Lane,,Head-to-Head,,18.0,Sheffield Utd,Barclays Premier League,81.6,1.49,1.03,56.57,12.0,Crystal Palace,Barclays Premier League,85.3,1.81,0.62,73.46
4,1.0,Sat,2023-08-12,15:00,Brighton,,,,Luton Town,,The American Express Community Stadium,,Head-to-Head,,6.0,Brighton,Barclays Premier League,89.3,2.47,0.73,80.88,20.0,Luton Town,Barclays Premier League,80.8,1.35,0.94,55.48
5,1.0,Sat,2023-08-12,15:00,Bournemouth,,,,West Ham,,Vitality Stadium,,Head-to-Head,,19.0,Bournemouth,Barclays Premier League,81.3,1.68,1.08,59.58,11.0,West Ham,Barclays Premier League,86.7,1.94,0.81,71.12
6,1.0,Sat,2023-08-12,17:30,Newcastle Utd,,,,Aston Villa,,St James' Park,,Head-to-Head,,5.0,Newcastle Utd,Barclays Premier League,90.7,2.38,0.53,83.7,7.0,Aston Villa,Barclays Premier League,88.4,2.01,0.51,79.3
7,1.0,Sun,2023-08-13,14:00,Brentford,,,,Tottenham,,Brentford Community Stadium,,Head-to-Head,,8.0,Brentford,Barclays Premier League,88.2,2.1,0.67,77.14,9.0,Tottenham,Barclays Premier League,87.7,2.19,0.95,72.14
8,1.0,Sun,2023-08-13,16:30,Chelsea,,,,Liverpool,,Stamford Bridge,,Head-to-Head,,10.0,Chelsea,Barclays Premier League,86.8,2.04,0.68,75.78,2.0,Liverpool,Barclays Premier League,94.1,2.63,0.67,83.93
9,1.0,Mon,2023-08-14,20:00,Manchester Utd,,,,Wolves,,Old Trafford,,Head-to-Head,,4.0,Manchester Utd,Barclays Premier League,92.3,2.35,0.74,79.08,14.0,Wolves,Barclays Premier League,83.9,1.55,0.99,59.06
10,,,,,,,,,,,,,,,,,,,,,,,,,,,,
11,2.0,Fri,2023-08-18,19:45,Nott'ham Forest,,,,Sheffield Utd,,The City Ground,,Head-to-Head,,15.0,Nott'ham Forest,Barclays Premier League,82.5,1.64,1.19,56.13,18.0,Sheffield Utd,Barclays Premier League,81.6,1.49,1.03,56.57
12,2.0,Sat,2023-08-19,15:00,Fulham,,,,Brentford,,Craven Cottage,,Head-to-Head,,13.0,Fulham,Barclays Premier League,84.9,1.9,0.9,68.22,8.0,Brentford,Barclays Premier League,88.2,2.1,0.67,77.14
13,2.0,Sat,2023-08-19,15:00,Luton Town,,,,Burnley,,Kenilworth Road Stadium,,,Match Postponed,20.0,Luton Town,Barclays Premier League,80.8,1.35,0.94,55.48,16.0,Burnley,Barclays Premier League,82.4,1.53,0.82,62.94
14,2.0,Sat,2023-08-19,15:00,Liverpool,,,,Bournemouth,,Anfield,,Head-to-Head,,2.0,Liverpool,Barclays Premier League,94.1,2.63,0.67,83.93,19.0,Bournemouth,Barclays Premier League,81.3,1.68,1.08,59.58
15,2.0,Sat,2023-08-19,15:00,Wolves,,,,Brighton,,Molineux Stadium,,Head-to-Head,,14.0,Wolves,Barclays Premier League,83.9,1.55,0.99,59.06,6.0,Brighton,Barclays Premier League,89.3,2.47,0.73,80.88
16,2.0,Sat,2023-08-19,17:30,Tottenham,,,,Manchester Utd,,Tottenham Hotspur Stadium,,Head-to-Head,,9.0,Tottenham,Barclays Premier League,87.7,2.19,0.95,72.14,4.0,Manchester Utd,Barclays Premier League,92.3,2.35,0.74,79.08
17,2.0,Sat,2023-08-19,20:00,Manchester City,,,,Newcastle Utd,,Etihad Stadium,,Head-to-Head,,1.0,Manchester City,Barclays Premier League,100.0,2.79,0.28,92.0,5.0,Newcastle Utd,Barclays Premier League,90.7,2.38,0.53,83.7
18,2.0,Sun,2023-08-20,14:00,Aston Villa,,,,Everton,,Villa Park,,Head-to-Head,,7.0,Aston Villa,Barclays Premier League,88.4,2.01,0.51,79.3,17.0,Everton,Barclays Premier League,82.4,1.82,1.03,63.63
19,2.0,Sun,2023-08-20,16:30,West Ham,,,,Chelsea,,London Stadium,,Head-to-Head,,11.0,West Ham,Barclays Premier League,86.7,1.94,0.81,71.12,10.0,Chelsea,Barclays Premier League,86.8,2.04,0.68,75.78
20,2.0,Mon,2023-08-21,20:00,Crystal Palace,,,,Arsenal,,Selhurst Park,,Head-to-Head,,12.0,Crystal Palace,Barclays Premier League,85.3,1.81,0.62,73.46,3.0,Arsenal,Barclays Premier League,92.8,2.53,0.61,83.92
21,,,,,,,,,,,,,,,,,,,,,,,,,,,,
22,3.0,Fri,2023-08-25,20:00,Chelsea,,,,Luton Town,,Stamford Bridge,,Head-to-Head,,10.0,Chelsea,Barclays Premier League,86.8,2.04,0.68,75.78,20.0,Luton Town,Barclays Premier League,80.8,1.35,0.94,55.48
23,3.0,Sat,2023-08-26,12:30,Bournemouth,,,,Tottenham,,Vitality Stadium,,Head-to-Head,,19.0,Bournemouth,Barclays Premier League,81.3,1.68,1.08,59.58,9.0,Tottenham,Barclays Premier League,87.7,2.19,0.95,72.14
24,3.0,Sat,2023-08-26,15:00,Everton,,,,Wolves,,Goodison Park,,Head-to-Head,,17.0,Everton,Barclays Premier League,82.4,1.82,1.03,63.63,14.0,Wolves,Barclays Premier League,83.9,1.55,0.99,59.06
25,3.0,Sat,2023-08-26,15:00,Brentford,,,,Crystal Palace,,Brentford Community Stadium,,Head-to-Head,,8.0,Brentford,Barclays Premier League,88.2,2.1,0.67,77.14,12.0,Crystal Palace,Barclays Premier League,85.3,1.81,0.62,73.46
26,3.0,Sat,2023-08-26,15:00,Manchester Utd,,,,Nott'ham Forest,,Old Trafford,,Head-to-Head,,4.0,Manchester Utd,Barclays Premier League,92.3,2.35,0.74,79.08,15.0,Nott'ham Forest,Barclays Premier League,82.5,1.64,1.19,56.13
27,3.0,Sat,2023-08-26,15:00,Arsenal,,,,Fulham,,Emirates Stadium,,Head-to-Head,,3.0,Arsenal,Barclays Premier League,92.8,2.53,0.61,83.92,13.0,Fulham,Barclays Premier League,84.9,1.9,0.9,68.22
28,3.0,Sat,2023-08-26,17:30,Brighton,,,,West Ham,,The American Express Community Stadium,,Head-to-Head,,6.0,Brighton,Barclays Premier League,89.3,2.47,0.73,80.88,11.0,West Ham,Barclays Premier League,86.7,1.94,0.81,71.12
29,3.0,Sun,2023-08-27,14:00,Sheffield Utd,,,,Manchester City,,Bramall Lane,,Head-to-Head,,18.0,Sheffield Utd,Barclays Premier League,81.6,1.49,1.03,56.57,1.0,Manchester City,Barclays Premier League,100.0,2.79,0.28,92.0
30,3.0,Sun,2023-08-27,14:00,Burnley,,,,Aston Villa,,Turf Moor,,Head-to-Head,,16.0,Burnley,Barclays Premier League,82.4,1.53,0.82,62.94,7.0,Aston Villa,Barclays Premier League,88.4,2.01,0.51,79.3
31,3.0,Sun,2023-08-27,16:30,Newcastle Utd,,,,Liverpool,,St James' Park,,Head-to-Head,,5.0,Newcastle Utd,Barclays Premier League,90.7,2.38,0.53,83.7,2.0,Liverpool,Barclays Premier League,94.1,2.63,0.67,83.93
32,,,,,,,,,,,,,,,,,,,,,,,,,,,,
33,4.0,Fri,2023-09-01,20:00,Luton Town,,,,West Ham,,Kenilworth Road Stadium,,Head-to-Head,,20.0,Luton Town,Barclays Premier League,80.8,1.35,0.94,55.48,11.0,West Ham,Barclays Premier League,86.7,1.94,0.81,71.12
34,4.0,Sat,2023-09-02,12:30,Sheffield Utd,,,,Everton,,Bramall Lane,,Head-to-Head,,18.0,Sheffield Utd,Barclays Premier League,81.6,1.49,1.03,56.57,17.0,Everton,Barclays Premier League,82.4,1.82,1.03,63.63
35,4.0,Sat,2023-09-02,15:00,Chelsea,,,,Nott'ham Forest,,Stamford Bridge,,Head-to-Head,,10.0,Chelsea,Barclays Premier League,86.8,2.04,0.68,75.78,15.0,Nott'ham Forest,Barclays Premier League,82.5,1.64,1.19,56.13
36,4.0,Sat,2023-09-02,15:00,Manchester City,,,,Fulham,,Etihad Stadium,,Head-to-Head,,1.0,Manchester City,Barclays Premier League,100.0,2.79,0.28,92.0,13.0,Fulham,Barclays Premier League,84.9,1.9,0.9,68.22
37,4.0,Sat,2023-09-02,15:00,Brentford,,,,Bournemouth,,Brentford Community Stadium,,Head-to-Head,,8.0,Brentford,Barclays Premier League,88.2,2.1,0.67,77.14,19.0,Bournemouth,Barclays Premier League,81.3,1.68,1.08,59.58
38,4.0,Sat,2023-09-02,15:00,Burnley,,,,Tottenham,,Turf Moor,,Head-to-Head,,16.0,Burnley,Barclays Premier League,82.4,1.53,0.82,62.94,9.0,Tottenham,Barclays Premier League,87.7,2.19,0.95,72.14
39,4.0,Sat,2023-09-02,17:30,Brighton,,,,Newcastle Utd,,The American Express Community Stadium,,Head-to-Head,,6.0,Brighton,Barclays Premier League,89.3,2.47,0.73,80.88,5.0,Newcastle Utd,Barclays Premier League,90.7,2.38,0.53,83.7
40,4.0,Sun,2023-09-03,14:00,Liverpool,,,,Aston Villa,,Anfield,,Head-to-Head,,2.0,Liverpool,Barclays Premier League,94.1,2.63,0.67,83.93,7.0,Aston Villa,Barclays Premier League,88.4,2.01,0.51,79.3
41,4.0,Sun,2023-09-03,14:00,Crystal Palace,,,,Wolves,,Selhurst Park,,Head-to-Head,,12.0,Crystal Palace,Barclays Premier League,85.3,1.81,0.62,73.46,14.0,Wolves,Barclays Premier League,83.9,1.55,0.99,59.06
42,4.0,Sun,2023-09-03,16:30,Arsenal,,,,Manchester Utd,,Emirates Stadium,,Head-to-Head,,3.0,Arsenal,Barclays Premier League,92.8,2.53,0.61,83.92,4.0,Manchester Utd,Barclays Premier League,92.3,2.35,0.74,79.08
43,,,,,,,,,,,,,,,,,,,,,,,,,,,,
44,5.0,Sat,2023-09-16,12:30,Wolves,,,,Liverpool,,Molineux Stadium,,Head-to-Head,,14.0,Wolves,Barclays Premier League,83.9,1.55,0.99,59.06,2.0,Liverpool,Barclays Premier League,94.1,2.63,0.67,83.93
45,5.0,Sat,2023-09-16,15:00,Fulham,,,,Luton Town,,Craven Cottage,,Head-to-Head,,13.0,Fulham,Barclays Premier League,84.9,1.9,0.9,68.22,20.0,Luton Town,Barclays Premier League,80.8,1.35,0.94,55.48
46,5.0,Sat,2023-09-16,15:00,West Ham,,,,Manchester City,,London Stadium,,Head-to-Head,,11.0,West Ham,Barclays Premier League,86.7,1.94,0.81,71.12,1.0,Manchester City,Barclays Premier League,100.0,2.79,0.28,92.0
47,5.0,Sat,2023-09-16,15:00,Aston Villa,,,,Crystal Palace,,Villa Park,,Head-to-Head,,7.0,Aston Villa,Barclays Premier League,88.4,2.01,0.51,79.3,12.0,Crystal Palace,Barclays Premier League,85.3,1.81,0.62,73.46
48,5.0,Sat,2023-09-16,15:00,Manchester Utd,,,,Brighton,,Old Trafford,,Head-to-Head,,4.0,Manchester Utd,Barclays Premier League,92.3,2.35,0.74,79.08,6.0,Brighton,Barclays Premier League,89.3,2.47,0.73,80.88
49,5.0,Sat,2023-09-16,15:00,Tottenham,,,,Sheffield Utd,,Tottenham Hotspur Stadium,,Head-to-Head,,9.0,Tottenham,Barclays Premier League,87.7,2.19,0.95,72.14,18.0,Sheffield Utd,Barclays Premier League,81.6,1.49,1.03,56.57
50,5.0,Sat,2023-09-16,17:30,Everton,,,,Arsenal,,Goodison Park,,Head-to-Head,,17.0,Everton,Barclays Premier League,82.4,1.82,1.03,63.63,3.0,Arsenal,Barclays Premier League,92.8,2.53,0.61,83.92
51,5.0,Sun,2023-09-17,14:00,Bournemouth,,,,Chelsea,,Vitality Stadium,,Head-to-Head,,19.0,Bournemouth,Barclays Premier League,81.3,1.68,1.08,59.58,10.0,Chelsea,Barclays Premier League,86.8,2.04,0.68,75.78
52,5.0,Sun,2023-09-17,16:30,Newcastle Utd,,,,Brentford,,St James' Park,,Head-to-Head,,5.0,Newcastle Utd,Barclays Premier League,90.7,2.38,0.53,83.7,8.0,Brentford,Barclays Premier League,88.2,2.1,0.67,77.14
53,5.0,Mon,2023-09-18,19:45,Nott'ham Forest,,,,Burnley,,The City Ground,,Head-to-Head,,15.0,Nott'ham Forest,Barclays Premier League,82.5,1.64,1.19,56.13,16.0,Burnley,Barclays Premier League,82.4,1.53,0.82,62.94
54,,,,,,,,,,,,,,,,,,,,,,,,,,,,
55,6.0,Sat,2023-09-23,15:00,Manchester City,,,,Nott'ham Forest,,Etihad Stadium,,Head-to-Head,,1.0,Manchester City,Barclays Premier League,100.0,2.79,0.28,92.0,15.0,Nott'ham Forest,Barclays Premier League,82.5,1.64,1.19,56.13
56,6.0,Sat,2023-09-23,15:00,Luton Town,,,,Wolves,,Kenilworth Road Stadium,,Head-to-Head,,20.0,Luton Town,Barclays Premier League,80.8,1.35,0.94,55.48,14.0,Wolves,Barclays Premier League,83.9,1.55,0.99,59.06
57,6.0,Sat,2023-09-23,15:00,Chelsea,,,,Aston Villa,,Stamford Bridge,,Head-to-Head,,10.0,Chelsea,Barclays Premier League,86.8,2.04,0.68,75.78,7.0,Aston Villa,Barclays Premier League,88.4,2.01,0.51,79.3
58,6.0,Sat,2023-09-23,15:00,Crystal Palace,,,,Fulham,,Selhurst Park,,Head-to-Head,,12.0,Crystal Palace,Barclays Premier League,85.3,1.81,0.62,73.46,13.0,Fulham,Barclays Premier League,84.9,1.9,0.9,68.22
59,6.0,Sat,2023-09-23,17:30,Brentford,,,,Everton,,Brentford Community Stadium,,Head-to-Head,,8.0,Brentford,Barclays Premier League,88.2,2.1,0.67,77.14,17.0,Everton,Barclays Premier League,82.4,1.82,1.03,63.63
60,6.0,Sat,2023-09-23,20:00,Burnley,,,,Manchester Utd,,Turf Moor,,Head-to-Head,,16.0,Burnley,Barclays Premier League,82.4,1.53,0.82,62.94,4.0,Manchester Utd,Barclays Premier League,92.3,2.35,0.74,79.08
61,6.0,Sun,2023-09-24,14:00,Arsenal,,,,Tottenham,,Emirates Stadium,,Head-to-Head,,3.0,Arsenal,Barclays Premier League,92.8,2.53,0.61,83.92,9.0,Tottenham,Barclays Premier League,87.7,2.19,0.95,72.14
62,6.0,Sun,2023-09-24,14:00,Brighton,,,,Bournemouth,,The American Express Community Stadium,,Head-to-Head,,6.0,Brighton,Barclays Premier League,89.3,2.47,0.73,80.88,19.0,Bournemouth,Barclays Premier League,81.3,1.68,1.08,59.58
63,6.0,Sun,2023-09-24,14:00,Liverpool,,,,West Ham,,Anfield,,Head-to-Head,,2.0,Liverpool,Barclays Premier League,94.1,2.63,0.67,83.93,11.0,West Ham,Barclays Premier League,86.7,1.94,0.81,71.12
64,6.0,Sun,2023-09-24,16:30,Sheffield Utd,,,,Newcastle Utd,,Bramall Lane,,Head-to-Head,,18.0,Sheffield Utd,Barclays Premier League,81.6,1.49,1.03,56.57,5.0,Newcastle Utd,Barclays Premier League,90.7,2.38,0.53,83.7
65,,,,,,,,,,,,,,,,,,,,,,,,,,,,
66,7.0,Sat,2023-09-30,12:30,Aston Villa,,,,Brighton,,Villa Park,,Head-to-Head,,7.0,Aston Villa,Barclays Premier League,88.4,2.01,0.51,79.3,6.0,Brighton,Barclays Premier League,89.3,2.47,0.73,80.88
67,7.0,Sat,2023-09-30,15:00,Wolves,,,,Manchester City,,Molineux Stadium,,Head-to-Head,,14.0,Wolves,Barclays Premier League,83.9,1.55,0.99,59.06,1.0,Manchester City,Barclays Premier League,100.0,2.79,0.28,92.0
68,7.0,Sat,2023-09-30,15:00,Bournemouth,,,,Arsenal,,Vitality Stadium,,Head-to-Head,,19.0,Bournemouth,Barclays Premier League,81.3,1.68,1.08,59.58,3.0,Arsenal,Barclays Premier League,92.8,2.53,0.61,83.92
69,7.0,Sat,2023-09-30,15:00,Everton,,,,Luton Town,,Goodison Park,,Head-to-Head,,17.0,Everton,Barclays Premier League,82.4,1.82,1.03,63.63,20.0,Luton Town,Barclays Premier League,80.8,1.35,0.94,55.48
70,7.0,Sat,2023-09-30,15:00,Newcastle Utd,,,,Burnley,,St James' Park,,Head-to-Head,,5.0,Newcastle Utd,Barclays Premier League,90.7,2.38,0.53,83.7,16.0,Burnley,Barclays Premier League,82.4,1.53,0.82,62.94
71,7.0,Sat,2023-09-30,15:00,West Ham,,,,Sheffield Utd,,London Stadium,,Head-to-Head,,11.0,West Ham,Barclays Premier League,86.7,1.94,0.81,71.12,18.0,Sheffield Utd,Barclays Premier League,81.6,1.49,1.03,56.57
72,7.0,Sat,2023-09-30,15:00,Manchester Utd,,,,Crystal Palace,,Old Trafford,,Head-to-Head,,4.0,Manchester Utd,Barclays Premier League,92.3,2.35,0.74,79.08,12.0,Crystal Palace,Barclays Premier League,85.3,1.81,0.62,73.46
73,7.0,Sat,2023-09-30,17:30,Tottenham,,,,Liverpool,,Tottenham Hotspur Stadium,,Head-to-Head,,9.0,Tottenham,Barclays Premier League,87.7,2.19,0.95,72.14,2.0,Liverpool,Barclays Premier League,94.1,2.63,0.67,83.93
74,7.0,Sun,2023-10-01,14:00,Nott'ham Forest,,,,Brentford,,The City Ground,,Head-to-Head,,15.0,Nott'ham Forest,Barclays Premier League,82.5,1.64,1.19,56.13,8.0,Brentford,Barclays Premier League,88.2,2.1,0.67,77.14
75,7.0,Mon,2023-10-02,20:00,Fulham,,,,Chelsea,,Craven Cottage,,Head-to-Head,,13.0,Fulham,Barclays Premier League,84.9,1.9,0.9,68.22,10.0,Chelsea,Barclays Premier League,86.8,2.04,0.68,75.78
76,,,,,,,,,,,,,,,,,,,,,,,,,,,,
77,8.0,Sat,2023-10-07,,West Ham,,,,Newcastle Utd,,London Stadium,,Head-to-Head,,11.0,West Ham,Barclays Premier League,86.7,1.94,0.81,71.12,5.0,Newcastle Utd,Barclays Premier League,90.7,2.38,0.53,83.7
78,8.0,Sat,2023-10-07,,Crystal Palace,,,,Nott'ham Forest,,Selhurst Park,,Head-to-Head,,12.0,Crystal Palace,Barclays Premier League,85.3,1.81,0.62,73.46,15.0,Nott'ham Forest,Barclays Premier League,82.5,1.64,1.19,56.13
79,8.0,Sat,2023-10-07,,Wolves,,,,Aston Villa,,Molineux Stadium,,Head-to-Head,,14.0,Wolves,Barclays Premier League,83.9,1.55,0.99,59.06,7.0,Aston Villa,Barclays Premier League,88.4,2.01,0.51,79.3
80,8.0,Sat,2023-10-07,,Brighton,,,,Liverpool,,The American Express Community Stadium,,Head-to-Head,,6.0,Brighton,Barclays Premier League,89.3,2.47,0.73,80.88,2.0,Liverpool,Barclays Premier League,94.1,2.63,0.67,83.93
81,8.0,Sat,2023-10-07,,Everton,,,,Bournemouth,,Goodison Park,,Head-to-Head,,17.0,Everton,Barclays Premier League,82.4,1.82,1.03,63.63,19.0,Bournemouth,Barclays Premier League,81.3,1.68,1.08,59.58
82,8.0,Sat,2023-10-07,,Manchester Utd,,,,Brentford,,Old Trafford,,Head-to-Head,,4.0,Manchester Utd,Barclays Premier League,92.3,2.35,0.74,79.08,8.0,Brentford,Barclays Premier League,88.2,2.1,0.67,77.14
83,8.0,Sat,2023-10-07,,Arsenal,,,,Manchester City,,Emirates Stadium,,Head-to-Head,,3.0,Arsenal,Barclays Premier League,92.8,2.53,0.61,83.92,1.0,Manchester City,Barclays Premier League,100.0,2.79,0.28,92.0
84,8.0,Sat,2023-10-07,,Burnley,,,,Chelsea,,Turf Moor,,Head-to-Head,,16.0,Burnley,Barclays Premier League,82.4,1.53,0.82,62.94,10.0,Chelsea,Barclays Premier League,86.8,2.04,0.68,75.78
85,8.0,Sat,2023-10-07,,Luton Town,,,,Tottenham,,Kenilworth Road Stadium,,Head-to-Head,,20.0,Luton Town,Barclays Premier League,80.8,1.35,0.94,55.48,9.0,Tottenham,Barclays Premier League,87.7,2.19,0.95,72.14
86,8.0,Sat,2023-10-07,,Fulham,,,,Sheffield Utd,,Craven Cottage,,Head-to-Head,,13.0,Fulham,Barclays Premier League,84.9,1.9,0.9,68.22,18.0,Sheffield Utd,Barclays Premier League,81.6,1.49,1.03,56.57
87,,,,,,,,,,,,,,,,,,,,,,,,,,,,
88,9.0,Sat,2023-10-21,,Bournemouth,,,,Wolves,,Vitality Stadium,,Head-to-Head,,19.0,Bournemouth,Barclays Premier League,81.3,1.68,1.08,59.58,14.0,Wolves,Barclays Premier League,83.9,1.55,0.99,59.06
89,9.0,Sat,2023-10-21,,Newcastle Utd,,,,Crystal Palace,,St James' Park,,Head-to-Head,,5.0,Newcastle Utd,Barclays Premier League,90.7,2.38,0.53,83.7,12.0,Crystal Palace,Barclays Premier League,85.3,1.81,0.62,73.46
90,9.0,Sat,2023-10-21,,Brentford,,,,Burnley,,Brentford Community Stadium,,Head-to-Head,,8.0,Brentford,Barclays Premier League,88.2,2.1,0.67,77.14,16.0,Burnley,Barclays Premier League,82.4,1.53,0.82,62.94
91,9.0,Sat,2023-10-21,,Aston Villa,,,,West Ham,,Villa Park,,Head-to-Head,,7.0,Aston Villa,Barclays Premier League,88.4,2.01,0.51,79.3,11.0,West Ham,Barclays Premier League,86.7,1.94,0.81,71.12
92,9.0,Sat,2023-10-21,,Tottenham,,,,Fulham,,Tottenham Hotspur Stadium,,Head-to-Head,,9.0,Tottenham,Barclays Premier League,87.7,2.19,0.95,72.14,13.0,Fulham,Barclays Premier League,84.9,1.9,0.9,68.22
93,9.0,Sat,2023-10-21,,Chelsea,,,,Arsenal,,Stamford Bridge,,Head-to-Head,,10.0,Chelsea,Barclays Premier League,86.8,2.04,0.68,75.78,3.0,Arsenal,Barclays Premier League,92.8,2.53,0.61,83.92
94,9.0,Sat,2023-10-21,,Manchester City,,,,Brighton,,Etihad Stadium,,Head-to-Head,,1.0,Manchester City,Barclays Premier League,100.0,2.79,0.28,92.0,6.0,Brighton,Barclays Premier League,89.3,2.47,0.73,80.88
95,9.0,Sat,2023-10-21,,Nott'ham Forest,,,,Luton Town,,The City Ground,,Head-to-Head,,15.0,Nott'ham Forest,Barclays Premier League,82.5,1.64,1.19,56.13,20.0,Luton Town,Barclays Premier League,80.8,1.35,0.94,55.48
96,9.0,Sat,2023-10-21,,Sheffield Utd,,,,Manchester Utd,,Bramall Lane,,Head-to-Head,,18.0,Sheffield Utd,Barclays Premier League,81.6,1.49,1.03,56.57,4.0,Manchester Utd,Barclays Premier League,92.3,2.35,0.74,79.08
97,9.0,Sat,2023-10-21,,Liverpool,,,,Everton,,Anfield,,Head-to-Head,,2.0,Liverpool,Barclays Premier League,94.1,2.63,0.67,83.93,17.0,Everton,Barclays Premier League,82.4,1.82,1.03,63.63
98,,,,,,,,,,,,,,,,,,,,,,,,,,,,
99,10.0,Sat,2023-10-28,,Crystal Palace,,,,Tottenham,,Selhurst Park,,Head-to-Head,,12.0,Crystal Palace,Barclays Premier League,85.3,1.81,0.62,73.46,9.0,Tottenham,Barclays Premier League,87.7,2.19,0.95,72.14
100,10.0,Sat,2023-10-28,,Liverpool,,,,Nott'ham Forest,,Anfield,,Head-to-Head,,2.0,Liverpool,Barclays Premier League,94.1,2.63,0.67,83.93,15.0,Nott'ham Forest,Barclays Premier League,82.5,1.64,1.19,56.13
101,10.0,Sat,2023-10-28,,West Ham,,,,Everton,,London Stadium,,Head-to-Head,,11.0,West Ham,Barclays Premier League,86.7,1.94,0.81,71.12,17.0,Everton,Barclays Premier League,82.4,1.82,1.03,63.63
102,10.0,Sat,2023-10-28,,Chelsea,,,,Brentford,,Stamford Bridge,,Head-to-Head,,10.0,Chelsea,Barclays Premier League,86.8,2.04,0.68,75.78,8.0,Brentford,Barclays Premier League,88.2,2.1,0.67,77.14
103,10.0,Sat,2023-10-28,,Brighton,,,,Fulham,,The American Express Community Stadium,,Head-to-Head,,6.0,Brighton,Barclays Premier League,89.3,2.47,0.73,80.88,13.0,Fulham,Barclays Premier League,84.9,1.9,0.9,68.22
104,10.0,Sat,2023-10-28,,Wolves,,,,Newcastle Utd,,Molineux Stadium,,Head-to-Head,,14.0,Wolves,Barclays Premier League,83.9,1.55,0.99,59.06,5.0,Newcastle Utd,Barclays Premier League,90.7,2.38,0.53,83.7
105,10.0,Sat,2023-10-28,,Bournemouth,,,,Burnley,,Vitality Stadium,,Head-to-Head,,19.0,Bournemouth,Barclays Premier League,81.3,1.68,1.08,59.58,16.0,Burnley,Barclays Premier League,82.4,1.53,0.82,62.94
106,10.0,Sat,2023-10-28,,Arsenal,,,,Sheffield Utd,,Emirates Stadium,,Head-to-Head,,3.0,Arsenal,Barclays Premier League,92.8,2.53,0.61,83.92,18.0,Sheffield Utd,Barclays Premier League,81.6,1.49,1.03,56.57
107,10.0,Sat,2023-10-28,,Aston Villa,,,,Luton Town,,Villa Park,,Head-to-Head,,7.0,Aston Villa,Barclays Premier League,88.4,2.01,0.51,79.3,20.0,Luton Town,Barclays Premier League,80.8,1.35,0.94,55.48
108,10.0,Sat,2023-10-28,,Manchester Utd,,,,Manchester City,,Old Trafford,,Head-to-Head,,4.0,Manchester Utd,Barclays Premier League,92.3,2.35,0.74,79.08,1.0,Manchester City,Barclays Premier League,100.0,2.79,0.28,92.0
109,,,,,,,,,,,,,,,,,,,,,,,,,,,,
110,11.0,Sat,2023-11-04,,Fulham,,,,Manchester Utd,,Craven Cottage,,Head-to-Head,,13.0,Fulham,Barclays Premier League,84.9,1.9,0.9,68.22,4.0,Manchester Utd,Barclays Premier League,92.3,2.35,0.74,79.08
111,11.0,Sat,2023-11-04,,Brentford,,,,West Ham,,Brentford Community Stadium,,Head-to-Head,,8.0,Brentford,Barclays Premier League,88.2,2.1,0.67,77.14,11.0,West Ham,Barclays Premier League,86.7,1.94,0.81,71.12
112,11.0,Sat,2023-11-04,,Tottenham,,,,Chelsea,,Tottenham Hotspur Stadium,,Head-to-Head,,9.0,Tottenham,Barclays Premier League,87.7,2.19,0.95,72.14,10.0,Chelsea,Barclays Premier League,86.8,2.04,0.68,75.78
113,11.0,Sat,2023-11-04,,Newcastle Utd,,,,Arsenal,,St James' Park,,Head-to-Head,,5.0,Newcastle Utd,Barclays Premier League,90.7,2.38,0.53,83.7,3.0,Arsenal,Barclays Premier League,92.8,2.53,0.61,83.92
114,11.0,Sat,2023-11-04,,Everton,,,,Brighton,,Goodison Park,,Head-to-Head,,17.0,Everton,Barclays Premier League,82.4,1.82,1.03,63.63,6.0,Brighton,Barclays Premier League,89.3,2.47,0.73,80.88
115,11.0,Sat,2023-11-04,,Burnley,,,,Crystal Palace,,Turf Moor,,Head-to-Head,,16.0,Burnley,Barclays Premier League,82.4,1.53,0.82,62.94,12.0,Crystal Palace,Barclays Premier League,85.3,1.81,0.62,73.46
116,11.0,Sat,2023-11-04,,Luton Town,,,,Liverpool,,Kenilworth Road Stadium,,Head-to-Head,,20.0,Luton Town,Barclays Premier League,80.8,1.35,0.94,55.48,2.0,Liverpool,Barclays Premier League,94.1,2.63,0.67,83.93
117,11.0,Sat,2023-11-04,,Nott'ham Forest,,,,Aston Villa,,The City Ground,,Head-to-Head,,15.0,Nott'ham Forest,Barclays Premier League,82.5,1.64,1.19,56.13,7.0,Aston Villa,Barclays Premier League,88.4,2.01,0.51,79.3
118,11.0,Sat,2023-11-04,,Manchester City,,,,Bournemouth,,Etihad Stadium,,Head-to-Head,,1.0,Manchester City,Barclays Premier League,100.0,2.79,0.28,92.0,19.0,Bournemouth,Barclays Premier League,81.3,1.68,1.08,59.58
119,11.0,Sat,2023-11-04,,Sheffield Utd,,,,Wolves,,Bramall Lane,,Head-to-Head,,18.0,Sheffield Utd,Barclays Premier League,81.6,1.49,1.03,56.57,14.0,Wolves,Barclays Premier League,83.9,1.55,0.99,59.06
120,,,,,,,,,,,,,,,,,,,,,,,,,,,,
121,12.0,Sat,2023-11-11,,Wolves,,,,Tottenham,,Molineux Stadium,,Head-to-Head,,14.0,Wolves,Barclays Premier League,83.9,1.55,0.99,59.06,9.0,Tottenham,Barclays Premier League,87.7,2.19,0.95,72.14
122,12.0,Sat,2023-11-11,,Arsenal,,,,Burnley,,Emirates Stadium,,Head-to-Head,,3.0,Arsenal,Barclays Premier League,92.8,2.53,0.61,83.92,16.0,Burnley,Barclays Premier League,82.4,1.53,0.82,62.94
123,12.0,Sat,2023-11-11,,Manchester Utd,,,,Luton Town,,Old Trafford,,Head-to-Head,,4.0,Manchester Utd,Barclays Premier League,92.3,2.35,0.74,79.08,20.0,Luton Town,Barclays Premier League,80.8,1.35,0.94,55.48
124,12.0,Sat,2023-11-11,,Chelsea,,,,Manchester City,,Stamford Bridge,,Head-to-Head,,10.0,Chelsea,Barclays Premier League,86.8,2.04,0.68,75.78,1.0,Manchester City,Barclays Premier League,100.0,2.79,0.28,92.0
125,12.0,Sat,2023-11-11,,Bournemouth,,,,Newcastle Utd,,Vitality Stadium,,Head-to-Head,,19.0,Bournemouth,Barclays Premier League,81.3,1.68,1.08,59.58,5.0,Newcastle Utd,Barclays Premier League,90.7,2.38,0.53,83.7
126,12.0,Sat,2023-11-11,,West Ham,,,,Nott'ham Forest,,London Stadium,,Head-to-Head,,11.0,West Ham,Barclays Premier League,86.7,1.94,0.81,71.12,15.0,Nott'ham Forest,Barclays Premier League,82.5,1.64,1.19,56.13
127,12.0,Sat,2023-11-11,,Liverpool,,,,Brentford,,Anfield,,Head-to-Head,,2.0,Liverpool,Barclays Premier League,94.1,2.63,0.67,83.93,8.0,Brentford,Barclays Premier League,88.2,2.1,0.67,77.14
128,12.0,Sat,2023-11-11,,Crystal Palace,,,,Everton,,Selhurst Park,,Head-to-Head,,12.0,Crystal Palace,Barclays Premier League,85.3,1.81,0.62,73.46,17.0,Everton,Barclays Premier League,82.4,1.82,1.03,63.63
129,12.0,Sat,2023-11-11,,Aston Villa,,,,Fulham,,Villa Park,,Head-to-Head,,7.0,Aston Villa,Barclays Premier League,88.4,2.01,0.51,79.3,13.0,Fulham,Barclays Premier League,84.9,1.9,0.9,68.22
130,12.0,Sat,2023-11-11,,Brighton,,,,Sheffield Utd,,The American Express Community Stadium,,Head-to-Head,,6.0,Brighton,Barclays Premier League,89.3,2.47,0.73,80.88,18.0,Sheffield Utd,Barclays Premier League,81.6,1.49,1.03,56.57
131,,,,,,,,,,,,,,,,,,,,,,,,,,,,
132,13.0,Sat,2023-11-25,,Burnley,,,,West Ham,,Turf Moor,,Head-to-Head,,16.0,Burnley,Barclays Premier League,82.4,1.53,0.82,62.94,11.0,West Ham,Barclays Premier League,86.7,1.94,0.81,71.12
133,13.0,Sat,2023-11-25,,Nott'ham Forest,,,,Brighton,,The City Ground,,Head-to-Head,,15.0,Nott'ham Forest,Barclays Premier League,82.5,1.64,1.19,56.13,6.0,Brighton,Barclays Premier League,89.3,2.47,0.73,80.88
134,13.0,Sat,2023-11-25,,Manchester City,,,,Liverpool,,Etihad Stadium,,Head-to-Head,,1.0,Manchester City,Barclays Premier League,100.0,2.79,0.28,92.0,2.0,Liverpool,Barclays Premier League,94.1,2.63,0.67,83.93
135,13.0,Sat,2023-11-25,,Brentford,,,,Arsenal,,Brentford Community Stadium,,Head-to-Head,,8.0,Brentford,Barclays Premier League,88.2,2.1,0.67,77.14,3.0,Arsenal,Barclays Premier League,92.8,2.53,0.61,83.92
136,13.0,Sat,2023-11-25,,Sheffield Utd,,,,Bournemouth,,Bramall Lane,,Head-to-Head,,18.0,Sheffield Utd,Barclays Premier League,81.6,1.49,1.03,56.57,19.0,Bournemouth,Barclays Premier League,81.3,1.68,1.08,59.58
137,13.0,Sat,2023-11-25,,Tottenham,,,,Aston Villa,,Tottenham Hotspur Stadium,,Head-to-Head,,9.0,Tottenham,Barclays Premier League,87.7,2.19,0.95,72.14,7.0,Aston Villa,Barclays Premier League,88.4,2.01,0.51,79.3
138,13.0,Sat,2023-11-25,,Newcastle Utd,,,,Chelsea,,St James' Park,,Head-to-Head,,5.0,Newcastle Utd,Barclays Premier League,90.7,2.38,0.53,83.7,10.0,Chelsea,Barclays Premier League,86.8,2.04,0.68,75.78
139,13.0,Sat,2023-11-25,,Fulham,,,,Wolves,,Craven Cottage,,Head-to-Head,,13.0,Fulham,Barclays Premier League,84.9,1.9,0.9,68.22,14.0,Wolves,Barclays Premier League,83.9,1.55,0.99,59.06
140,13.0,Sat,2023-11-25,,Luton Town,,,,Crystal Palace,,Kenilworth Road Stadium,,Head-to-Head,,20.0,Luton Town,Barclays Premier League,80.8,1.35,0.94,55.48,12.0,Crystal Palace,Barclays Premier League,85.3,1.81,0.62,73.46
141,13.0,Sat,2023-11-25,,Everton,,,,Manchester Utd,,Goodison Park,,Head-to-Head,,17.0,Everton,Barclays Premier League,82.4,1.82,1.03,63.63,4.0,Manchester Utd,Barclays Premier League,92.3,2.35,0.74,79.08
142,,,,,,,,,,,,,,,,,,,,,,,,,,,,
143,14.0,Sat,2023-12-02,,Nott'ham Forest,,,,Everton,,The City Ground,,Head-to-Head,,15.0,Nott'ham Forest,Barclays Premier League,82.5,1.64,1.19,56.13,17.0,Everton,Barclays Premier League,82.4,1.82,1.03,63.63
144,14.0,Sat,2023-12-02,,Manchester City,,,,Tottenham,,Etihad Stadium,,Head-to-Head,,1.0,Manchester City,Barclays Premier League,100.0,2.79,0.28,92.0,9.0,Tottenham,Barclays Premier League,87.7,2.19,0.95,72.14
145,14.0,Sat,2023-12-02,,Brentford,,,,Luton Town,,Brentford Community Stadium,,Head-to-Head,,8.0,Brentford,Barclays Premier League,88.2,2.1,0.67,77.14,20.0,Luton Town,Barclays Premier League,80.8,1.35,0.94,55.48
146,14.0,Sat,2023-12-02,,Bournemouth,,,,Aston Villa,,Vitality Stadium,,Head-to-Head,,19.0,Bournemouth,Barclays Premier League,81.3,1.68,1.08,59.58,7.0,Aston Villa,Barclays Premier League,88.4,2.01,0.51,79.3
147,14.0,Sat,2023-12-02,,Liverpool,,,,Fulham,,Anfield,,Head-to-Head,,2.0,Liverpool,Barclays Premier League,94.1,2.63,0.67,83.93,13.0,Fulham,Barclays Premier League,84.9,1.9,0.9,68.22
148,14.0,Sat,2023-12-02,,Newcastle Utd,,,,Manchester Utd,,St James' Park,,Head-to-Head,,5.0,Newcastle Utd,Barclays Premier League,90.7,2.38,0.53,83.7,4.0,Manchester Utd,Barclays Premier League,92.3,2.35,0.74,79.08
149,14.0,Sat,2023-12-02,,Arsenal,,,,Wolves,,Emirates Stadium,,Head-to-Head,,3.0,Arsenal,Barclays Premier League,92.8,2.53,0.61,83.92,14.0,Wolves,Barclays Premier League,83.9,1.55,0.99,59.06
150,14.0,Sat,2023-12-02,,Chelsea,,,,Brighton,,Stamford Bridge,,Head-to-Head,,10.0,Chelsea,Barclays Premier League,86.8,2.04,0.68,75.78,6.0,Brighton,Barclays Premier League,89.3,2.47,0.73,80.88
151,14.0,Sat,2023-12-02,,Burnley,,,,Sheffield Utd,,Turf Moor,,Head-to-Head,,16.0,Burnley,Barclays Premier League,82.4,1.53,0.82,62.94,18.0,Sheffield Utd,Barclays Premier League,81.6,1.49,1.03,56.57
152,14.0,Sat,2023-12-02,,West Ham,,,,Crystal Palace,,London Stadium,,Head-to-Head,,11.0,West Ham,Barclays Premier League,86.7,1.94,0.81,71.12,12.0,Crystal Palace,Barclays Premier League,85.3,1.81,0.62,73.46
153,,,,,,,,,,,,,,,,,,,,,,,,,,,,
154,15.0,Tue,2023-12-05,,Sheffield Utd,,,,Liverpool,,Bramall Lane,,Head-to-Head,,18.0,Sheffield Utd,Barclays Premier League,81.6,1.49,1.03,56.57,2.0,Liverpool,Barclays Premier League,94.1,2.63,0.67,83.93
155,15.0,Tue,2023-12-05,,Crystal Palace,,,,Bournemouth,,Selhurst Park,,Head-to-Head,,12.0,Crystal Palace,Barclays Premier League,85.3,1.81,0.62,73.46,19.0,Bournemouth,Barclays Premier League,81.3,1.68,1.08,59.58
156,15.0,Tue,2023-12-05,,Aston Villa,,,,Manchester City,,Villa Park,,Head-to-Head,,7.0,Aston Villa,Barclays Premier League,88.4,2.01,0.51,79.3,1.0,Manchester City,Barclays Premier League,100.0,2.79,0.28,92.0
157,15.0,Tue,2023-12-05,,Tottenham,,,,West Ham,,Tottenham Hotspur Stadium,,Head-to-Head,,9.0,Tottenham,Barclays Premier League,87.7,2.19,0.95,72.14,11.0,West Ham,Barclays Premier League,86.7,1.94,0.81,71.12
158,15.0,Tue,2023-12-05,,Everton,,,,Newcastle Utd,,Goodison Park,,Head-to-Head,,17.0,Everton,Barclays Premier League,82.4,1.82,1.03,63.63,5.0,Newcastle Utd,Barclays Premier League,90.7,2.38,0.53,83.7
159,15.0,Tue,2023-12-05,,Brighton,,,,Brentford,,The American Express Community Stadium,,Head-to-Head,,6.0,Brighton,Barclays Premier League,89.3,2.47,0.73,80.88,8.0,Brentford,Barclays Premier League,88.2,2.1,0.67,77.14
160,15.0,Tue,2023-12-05,,Wolves,,,,Burnley,,Molineux Stadium,,Head-to-Head,,14.0,Wolves,Barclays Premier League,83.9,1.55,0.99,59.06,16.0,Burnley,Barclays Premier League,82.4,1.53,0.82,62.94
161,15.0,Tue,2023-12-05,,Luton Town,,,,Arsenal,,Kenilworth Road Stadium,,Head-to-Head,,20.0,Luton Town,Barclays Premier League,80.8,1.35,0.94,55.48,3.0,Arsenal,Barclays Premier League,92.8,2.53,0.61,83.92
162,15.0,Tue,2023-12-05,,Fulham,,,,Nott'ham Forest,,Craven Cottage,,Head-to-Head,,13.0,Fulham,Barclays Premier League,84.9,1.9,0.9,68.22,15.0,Nott'ham Forest,Barclays Premier League,82.5,1.64,1.19,56.13
163,15.0,Wed,2023-12-06,,Manchester Utd,,,,Chelsea,,Old Trafford,,Head-to-Head,,4.0,Manchester Utd,Barclays Premier League,92.3,2.35,0.74,79.08,10.0,Chelsea,Barclays Premier League,86.8,2.04,0.68,75.78
164,,,,,,,,,,,,,,,,,,,,,,,,,,,,
165,16.0,Sat,2023-12-09,,Manchester Utd,,,,Bournemouth,,Old Trafford,,Head-to-Head,,4.0,Manchester Utd,Barclays Premier League,92.3,2.35,0.74,79.08,19.0,Bournemouth,Barclays Premier League,81.3,1.68,1.08,59.58
166,16.0,Sat,2023-12-09,,Wolves,,,,Nott'ham Forest,,Molineux Stadium,,Head-to-Head,,14.0,Wolves,Barclays Premier League,83.9,1.55,0.99,59.06,15.0,Nott'ham Forest,Barclays Premier League,82.5,1.64,1.19,56.13
167,16.0,Sat,2023-12-09,,Aston Villa,,,,Arsenal,,Villa Park,,Head-to-Head,,7.0,Aston Villa,Barclays Premier League,88.4,2.01,0.51,79.3,3.0,Arsenal,Barclays Premier League,92.8,2.53,0.61,83.92
168,16.0,Sat,2023-12-09,,Everton,,,,Chelsea,,Goodison Park,,Head-to-Head,,17.0,Everton,Barclays Premier League,82.4,1.82,1.03,63.63,10.0,Chelsea,Barclays Premier League,86.8,2.04,0.68,75.78
169,16.0,Sat,2023-12-09,,Crystal Palace,,,,Liverpool,,Selhurst Park,,Head-to-Head,,12.0,Crystal Palace,Barclays Premier League,85.3,1.81,0.62,73.46,2.0,Liverpool,Barclays Premier League,94.1,2.63,0.67,83.93
170,16.0,Sat,2023-12-09,,Brighton,,,,Burnley,,The American Express Community Stadium,,Head-to-Head,,6.0,Brighton,Barclays Premier League,89.3,2.47,0.73,80.88,16.0,Burnley,Barclays Premier League,82.4,1.53,0.82,62.94
171,16.0,Sat,2023-12-09,,Tottenham,,,,Newcastle Utd,,Tottenham Hotspur Stadium,,Head-to-Head,,9.0,Tottenham,Barclays Premier League,87.7,2.19,0.95,72.14,5.0,Newcastle Utd,Barclays Premier League,90.7,2.38,0.53,83.7
172,16.0,Sat,2023-12-09,,Fulham,,,,West Ham,,Craven Cottage,,Head-to-Head,,13.0,Fulham,Barclays Premier League,84.9,1.9,0.9,68.22,11.0,West Ham,Barclays Premier League,86.7,1.94,0.81,71.12
173,16.0,Sat,2023-12-09,,Sheffield Utd,,,,Brentford,,Bramall Lane,,Head-to-Head,,18.0,Sheffield Utd,Barclays Premier League,81.6,1.49,1.03,56.57,8.0,Brentford,Barclays Premier League,88.2,2.1,0.67,77.14
174,16.0,Sat,2023-12-09,,Luton Town,,,,Manchester City,,Kenilworth Road Stadium,,Head-to-Head,,20.0,Luton Town,Barclays Premier League,80.8,1.35,0.94,55.48,1.0,Manchester City,Barclays Premier League,100.0,2.79,0.28,92.0
175,,,,,,,,,,,,,,,,,,,,,,,,,,,,
176,17.0,Sat,2023-12-16,,Burnley,,,,Everton,,Turf Moor,,Head-to-Head,,16.0,Burnley,Barclays Premier League,82.4,1.53,0.82,62.94,17.0,Everton,Barclays Premier League,82.4,1.82,1.03,63.63
177,17.0,Sat,2023-12-16,,Liverpool,,,,Manchester Utd,,Anfield,,Head-to-Head,,2.0,Liverpool,Barclays Premier League,94.1,2.63,0.67,83.93,4.0,Manchester Utd,Barclays Premier League,92.3,2.35,0.74,79.08
178,17.0,Sat,2023-12-16,,Manchester City,,,,Crystal Palace,,Etihad Stadium,,Head-to-Head,,1.0,Manchester City,Barclays Premier League,100.0,2.79,0.28,92.0,12.0,Crystal Palace,Barclays Premier League,85.3,1.81,0.62,73.46
179,17.0,Sat,2023-12-16,,Chelsea,,,,Sheffield Utd,,Stamford Bridge,,Head-to-Head,,10.0,Chelsea,Barclays Premier League,86.8,2.04,0.68,75.78,18.0,Sheffield Utd,Barclays Premier League,81.6,1.49,1.03,56.57
180,17.0,Sat,2023-12-16,,Brentford,,,,Aston Villa,,Brentford Community Stadium,,Head-to-Head,,8.0,Brentford,Barclays Premier League,88.2,2.1,0.67,77.14,7.0,Aston Villa,Barclays Premier League,88.4,2.01,0.51,79.3
181,17.0,Sat,2023-12-16,,Nott'ham Forest,,,,Tottenham,,The City Ground,,Head-to-Head,,15.0,Nott'ham Forest,Barclays Premier League,82.5,1.64,1.19,56.13,9.0,Tottenham,Barclays Premier League,87.7,2.19,0.95,72.14
182,17.0,Sat,2023-12-16,,Newcastle Utd,,,,Fulham,,St James' Park,,Head-to-Head,,5.0,Newcastle Utd,Barclays Premier League,90.7,2.38,0.53,83.7,13.0,Fulham,Barclays Premier League,84.9,1.9,0.9,68.22
183,17.0,Sat,2023-12-16,,West Ham,,,,Wolves,,London Stadium,,Head-to-Head,,11.0,West Ham,Barclays Premier League,86.7,1.94,0.81,71.12,14.0,Wolves,Barclays Premier League,83.9,1.55,0.99,59.06
184,17.0,Sat,2023-12-16,,Bournemouth,,,,Luton Town,,Vitality Stadium,,Head-to-Head,,19.0,Bournemouth,Barclays Premier League,81.3,1.68,1.08,59.58,20.0,Luton Town,Barclays Premier League,80.8,1.35,0.94,55.48
185,17.0,Sat,2023-12-16,,Arsenal,,,,Brighton,,Emirates Stadium,,Head-to-Head,,3.0,Arsenal,Barclays Premier League,92.8,2.53,0.61,83.92,6.0,Brighton,Barclays Premier League,89.3,2.47,0.73,80.88
186,,,,,,,,,,,,,,,,,,,,,,,,,,,,
187,18.0,Sat,2023-12-23,,West Ham,,,,Manchester Utd,,London Stadium,,Head-to-Head,,11.0,West Ham,Barclays Premier League,86.7,1.94,0.81,71.12,4.0,Manchester Utd,Barclays Premier League,92.3,2.35,0.74,79.08
188,18.0,Sat,2023-12-23,,Aston Villa,,,,Sheffield Utd,,Villa Park,,Head-to-Head,,7.0,Aston Villa,Barclays Premier League,88.4,2.01,0.51,79.3,18.0,Sheffield Utd,Barclays Premier League,81.6,1.49,1.03,56.57
189,18.0,Sat,2023-12-23,,Luton Town,,,,Newcastle Utd,,Kenilworth Road Stadium,,Head-to-Head,,20.0,Luton Town,Barclays Premier League,80.8,1.35,0.94,55.48,5.0,Newcastle Utd,Barclays Premier League,90.7,2.38,0.53,83.7
190,18.0,Sat,2023-12-23,,Crystal Palace,,,,Brighton,,Selhurst Park,,Head-to-Head,,12.0,Crystal Palace,Barclays Premier League,85.3,1.81,0.62,73.46,6.0,Brighton,Barclays Premier League,89.3,2.47,0.73,80.88
191,18.0,Sat,2023-12-23,,Fulham,,,,Burnley,,Craven Cottage,,Head-to-Head,,13.0,Fulham,Barclays Premier League,84.9,1.9,0.9,68.22,16.0,Burnley,Barclays Premier League,82.4,1.53,0.82,62.94
192,18.0,Sat,2023-12-23,,Tottenham,,,,Everton,,Tottenham Hotspur Stadium,,Head-to-Head,,9.0,Tottenham,Barclays Premier League,87.7,2.19,0.95,72.14,17.0,Everton,Barclays Premier League,82.4,1.82,1.03,63.63
193,18.0,Sat,2023-12-23,,Wolves,,,,Chelsea,,Molineux Stadium,,Head-to-Head,,14.0,Wolves,Barclays Premier League,83.9,1.55,0.99,59.06,10.0,Chelsea,Barclays Premier League,86.8,2.04,0.68,75.78
194,18.0,Sat,2023-12-23,,Manchester City,,,,Brentford,,Etihad Stadium,,,Match Postponed,1.0,Manchester City,Barclays Premier League,100.0,2.79,0.28,92.0,8.0,Brentford,Barclays Premier League,88.2,2.1,0.67,77.14
195,18.0,Sat,2023-12-23,,Liverpool,,,,Arsenal,,Anfield,,Head-to-Head,,2.0,Liverpool,Barclays Premier League,94.1,2.63,0.67,83.93,3.0,Arsenal,Barclays Premier League,92.8,2.53,0.61,83.92
196,18.0,Sat,2023-12-23,,Nott'ham Forest,,,,Bournemouth,,The City Ground,,Head-to-Head,,15.0,Nott'ham Forest,Barclays Premier League,82.5,1.64,1.19,56.13,19.0,Bournemouth,Barclays Premier League,81.3,1.68,1.08,59.58
197,,,,,,,,,,,,,,,,,,,,,,,,,,,,
198,19.0,Tue,2023-12-26,,Chelsea,,,,Crystal Palace,,Stamford Bridge,,Head-to-Head,,10.0,Chelsea,Barclays Premier League,86.8,2.04,0.68,75.78,12.0,Crystal Palace,Barclays Premier League,85.3,1.81,0.62,73.46
199,19.0,Tue,2023-12-26,,Bournemouth,,,,Fulham,,Vitality Stadium,,Head-to-Head,,19.0,Bournemouth,Barclays Premier League,81.3,1.68,1.08,59.58,13.0,Fulham,Barclays Premier League,84.9,1.9,0.9,68.22
200,19.0,Tue,2023-12-26,,Brighton,,,,Tottenham,,The American Express Community Stadium,,Head-to-Head,,6.0,Brighton,Barclays Premier League,89.3,2.47,0.73,80.88,9.0,Tottenham,Barclays Premier League,87.7,2.19,0.95,72.14
201,19.0,Tue,2023-12-26,,Sheffield Utd,,,,Luton Town,,Bramall Lane,,Head-to-Head,,18.0,Sheffield Utd,Barclays Premier League,81.6,1.49,1.03,56.57,20.0,Luton Town,Barclays Premier League,80.8,1.35,0.94,55.48
202,19.0,Tue,2023-12-26,,Manchester Utd,,,,Aston Villa,,Old Trafford,,Head-to-Head,,4.0,Manchester Utd,Barclays Premier League,92.3,2.35,0.74,79.08,7.0,Aston Villa,Barclays Premier League,88.4,2.01,0.51,79.3
203,19.0,Tue,2023-12-26,,Everton,,,,Manchester City,,Goodison Park,,Head-to-Head,,17.0,Everton,Barclays Premier League,82.4,1.82,1.03,63.63,1.0,Manchester City,Barclays Premier League,100.0,2.79,0.28,92.0
204,19.0,Tue,2023-12-26,,Arsenal,,,,West Ham,,Emirates Stadium,,Head-to-Head,,3.0,Arsenal,Barclays Premier League,92.8,2.53,0.61,83.92,11.0,West Ham,Barclays Premier League,86.7,1.94,0.81,71.12
205,19.0,Tue,2023-12-26,,Burnley,,,,Liverpool,,Turf Moor,,Head-to-Head,,16.0,Burnley,Barclays Premier League,82.4,1.53,0.82,62.94,2.0,Liverpool,Barclays Premier League,94.1,2.63,0.67,83.93
206,19.0,Tue,2023-12-26,,Brentford,,,,Wolves,,Brentford Community Stadium,,Head-to-Head,,8.0,Brentford,Barclays Premier League,88.2,2.1,0.67,77.14,14.0,Wolves,Barclays Premier League,83.9,1.55,0.99,59.06
207,19.0,Tue,2023-12-26,,Newcastle Utd,,,,Nott'ham Forest,,St James' Park,,Head-to-Head,,5.0,Newcastle Utd,Barclays Premier League,90.7,2.38,0.53,83.7,15.0,Nott'ham Forest,Barclays Premier League,82.5,1.64,1.19,56.13
208,,,,,,,,,,,,,,,,,,,,,,,,,,,,
209,20.0,Sat,2023-12-30,,Liverpool,,,,Newcastle Utd,,Anfield,,Head-to-Head,,2.0,Liverpool,Barclays Premier League,94.1,2.63,0.67,83.93,5.0,Newcastle Utd,Barclays Premier League,90.7,2.38,0.53,83.7
210,20.0,Sat,2023-12-30,,Nott'ham Forest,,,,Manchester Utd,,The City Ground,,Head-to-Head,,15.0,Nott'ham Forest,Barclays Premier League,82.5,1.64,1.19,56.13,4.0,Manchester Utd,Barclays Premier League,92.3,2.35,0.74,79.08
211,20.0,Sat,2023-12-30,,Aston Villa,,,,Burnley,,Villa Park,,Head-to-Head,,7.0,Aston Villa,Barclays Premier League,88.4,2.01,0.51,79.3,16.0,Burnley,Barclays Premier League,82.4,1.53,0.82,62.94
212,20.0,Sat,2023-12-30,,Tottenham,,,,Bournemouth,,Tottenham Hotspur Stadium,,Head-to-Head,,9.0,Tottenham,Barclays Premier League,87.7,2.19,0.95,72.14,19.0,Bournemouth,Barclays Premier League,81.3,1.68,1.08,59.58
213,20.0,Sat,2023-12-30,,Fulham,,,,Arsenal,,Craven Cottage,,Head-to-Head,,13.0,Fulham,Barclays Premier League,84.9,1.9,0.9,68.22,3.0,Arsenal,Barclays Premier League,92.8,2.53,0.61,83.92
214,20.0,Sat,2023-12-30,,Wolves,,,,Everton,,Molineux Stadium,,Head-to-Head,,14.0,Wolves,Barclays Premier League,83.9,1.55,0.99,59.06,17.0,Everton,Barclays Premier League,82.4,1.82,1.03,63.63
215,20.0,Sat,2023-12-30,,Luton Town,,,,Chelsea,,Kenilworth Road Stadium,,Head-to-Head,,20.0,Luton Town,Barclays Premier League,80.8,1.35,0.94,55.48,10.0,Chelsea,Barclays Premier League,86.8,2.04,0.68,75.78
216,20.0,Sat,2023-12-30,,Manchester City,,,,Sheffield Utd,,Etihad Stadium,,Head-to-Head,,1.0,Manchester City,Barclays Premier League,100.0,2.79,0.28,92.0,18.0,Sheffield Utd,Barclays Premier League,81.6,1.49,1.03,56.57
217,20.0,Sat,2023-12-30,,West Ham,,,,Brighton,,London Stadium,,Head-to-Head,,11.0,West Ham,Barclays Premier League,86.7,1.94,0.81,71.12,6.0,Brighton,Barclays Premier League,89.3,2.47,0.73,80.88
218,20.0,Sat,2023-12-30,,Crystal Palace,,,,Brentford,,Selhurst Park,,Head-to-Head,,12.0,Crystal Palace,Barclays Premier League,85.3,1.81,0.62,73.46,8.0,Brentford,Barclays Premier League,88.2,2.1,0.67,77.14
219,,,,,,,,,,,,,,,,,,,,,,,,,,,,
220,21.0,Sat,2024-01-13,,Arsenal,,,,Crystal Palace,,Emirates Stadium,,Head-to-Head,,3.0,Arsenal,Barclays Premier League,92.8,2.53,0.61,83.92,12.0,Crystal Palace,Barclays Premier League,85.3,1.81,0.62,73.46
221,21.0,Sat,2024-01-13,,Everton,,,,Aston Villa,,Goodison Park,,Head-to-Head,,17.0,Everton,Barclays Premier League,82.4,1.82,1.03,63.63,7.0,Aston Villa,Barclays Premier League,88.4,2.01,0.51,79.3
222,21.0,Sat,2024-01-13,,Brighton,,,,Wolves,,The American Express Community Stadium,,Head-to-Head,,6.0,Brighton,Barclays Premier League,89.3,2.47,0.73,80.88,14.0,Wolves,Barclays Premier League,83.9,1.55,0.99,59.06
223,21.0,Sat,2024-01-13,,Newcastle Utd,,,,Manchester City,,St James' Park,,Head-to-Head,,5.0,Newcastle Utd,Barclays Premier League,90.7,2.38,0.53,83.7,1.0,Manchester City,Barclays Premier League,100.0,2.79,0.28,92.0
224,21.0,Sat,2024-01-13,,Manchester Utd,,,,Tottenham,,Old Trafford,,Head-to-Head,,4.0,Manchester Utd,Barclays Premier League,92.3,2.35,0.74,79.08,9.0,Tottenham,Barclays Premier League,87.7,2.19,0.95,72.14
225,21.0,Sat,2024-01-13,,Bournemouth,,,,Liverpool,,Vitality Stadium,,Head-to-Head,,19.0,Bournemouth,Barclays Premier League,81.3,1.68,1.08,59.58,2.0,Liverpool,Barclays Premier League,94.1,2.63,0.67,83.93
226,21.0,Sat,2024-01-13,,Sheffield Utd,,,,West Ham,,Bramall Lane,,Head-to-Head,,18.0,Sheffield Utd,Barclays Premier League,81.6,1.49,1.03,56.57,11.0,West Ham,Barclays Premier League,86.7,1.94,0.81,71.12
227,21.0,Sat,2024-01-13,,Burnley,,,,Luton Town,,Turf Moor,,Head-to-Head,,16.0,Burnley,Barclays Premier League,82.4,1.53,0.82,62.94,20.0,Luton Town,Barclays Premier League,80.8,1.35,0.94,55.48
228,21.0,Sat,2024-01-13,,Chelsea,,,,Fulham,,Stamford Bridge,,Head-to-Head,,10.0,Chelsea,Barclays Premier League,86.8,2.04,0.68,75.78,13.0,Fulham,Barclays Premier League,84.9,1.9,0.9,68.22
229,21.0,Sat,2024-01-13,,Brentford,,,,Nott'ham Forest,,Brentford Community Stadium,,Head-to-Head,,8.0,Brentford,Barclays Premier League,88.2,2.1,0.67,77.14,15.0,Nott'ham Forest,Barclays Premier League,82.5,1.64,1.19,56.13
230,,,,,,,,,,,,,,,,,,,,,,,,,,,,
231,22.0,Tue,2024-01-30,,West Ham,,,,Bournemouth,,London Stadium,,Head-to-Head,,11.0,West Ham,Barclays Premier League,86.7,1.94,0.81,71.12,19.0,Bournemouth,Barclays Premier League,81.3,1.68,1.08,59.58
232,22.0,Tue,2024-01-30,,Fulham,,,,Everton,,Craven Cottage,,Head-to-Head,,13.0,Fulham,Barclays Premier League,84.9,1.9,0.9,68.22,17.0,Everton,Barclays Premier League,82.4,1.82,1.03,63.63
233,22.0,Tue,2024-01-30,,Nott'ham Forest,,,,Arsenal,,The City Ground,,Head-to-Head,,15.0,Nott'ham Forest,Barclays Premier League,82.5,1.64,1.19,56.13,3.0,Arsenal,Barclays Premier League,92.8,2.53,0.61,83.92
234,22.0,Tue,2024-01-30,,Luton Town,,,,Brighton,,Kenilworth Road Stadium,,Head-to-Head,,20.0,Luton Town,Barclays Premier League,80.8,1.35,0.94,55.48,6.0,Brighton,Barclays Premier League,89.3,2.47,0.73,80.88
235,22.0,Tue,2024-01-30,,Wolves,,,,Manchester Utd,,Molineux Stadium,,Head-to-Head,,14.0,Wolves,Barclays Premier League,83.9,1.55,0.99,59.06,4.0,Manchester Utd,Barclays Premier League,92.3,2.35,0.74,79.08
236,22.0,Tue,2024-01-30,,Tottenham,,,,Brentford,,Tottenham Hotspur Stadium,,Head-to-Head,,9.0,Tottenham,Barclays Premier League,87.7,2.19,0.95,72.14,8.0,Brentford,Barclays Premier League,88.2,2.1,0.67,77.14
237,22.0,Tue,2024-01-30,,Crystal Palace,,,,Sheffield Utd,,Selhurst Park,,Head-to-Head,,12.0,Crystal Palace,Barclays Premier League,85.3,1.81,0.62,73.46,18.0,Sheffield Utd,Barclays Premier League,81.6,1.49,1.03,56.57
238,22.0,Tue,2024-01-30,,Aston Villa,,,,Newcastle Utd,,Villa Park,,Head-to-Head,,7.0,Aston Villa,Barclays Premier League,88.4,2.01,0.51,79.3,5.0,Newcastle Utd,Barclays Premier League,90.7,2.38,0.53,83.7
239,22.0,Wed,2024-01-31,,Liverpool,,,,Chelsea,,Anfield,,Head-to-Head,,2.0,Liverpool,Barclays Premier League,94.1,2.63,0.67,83.93,10.0,Chelsea,Barclays Premier League,86.8,2.04,0.68,75.78
240,22.0,Wed,2024-01-31,,Manchester City,,,,Burnley,,Etihad Stadium,,Head-to-Head,,1.0,Manchester City,Barclays Premier League,100.0,2.79,0.28,92.0,16.0,Burnley,Barclays Premier League,82.4,1.53,0.82,62.94
241,,,,,,,,,,,,,,,,,,,,,,,,,,,,
242,23.0,Sat,2024-02-03,,Bournemouth,,,,Nott'ham Forest,,Vitality Stadium,,Head-to-Head,,19.0,Bournemouth,Barclays Premier League,81.3,1.68,1.08,59.58,15.0,Nott'ham Forest,Barclays Premier League,82.5,1.64,1.19,56.13
243,23.0,Sat,2024-02-03,,Brentford,,,,Manchester City,,Brentford Community Stadium,,Head-to-Head,,8.0,Brentford,Barclays Premier League,88.2,2.1,0.67,77.14,1.0,Manchester City,Barclays Premier League,100.0,2.79,0.28,92.0
244,23.0,Sat,2024-02-03,,Newcastle Utd,,,,Luton Town,,St James' Park,,Head-to-Head,,5.0,Newcastle Utd,Barclays Premier League,90.7,2.38,0.53,83.7,20.0,Luton Town,Barclays Premier League,80.8,1.35,0.94,55.48
245,23.0,Sat,2024-02-03,,Brighton,,,,Crystal Palace,,The American Express Community Stadium,,Head-to-Head,,6.0,Brighton,Barclays Premier League,89.3,2.47,0.73,80.88,12.0,Crystal Palace,Barclays Premier League,85.3,1.81,0.62,73.46
246,23.0,Sat,2024-02-03,,Arsenal,,,,Liverpool,,Emirates Stadium,,Head-to-Head,,3.0,Arsenal,Barclays Premier League,92.8,2.53,0.61,83.92,2.0,Liverpool,Barclays Premier League,94.1,2.63,0.67,83.93
247,23.0,Sat,2024-02-03,,Burnley,,,,Fulham,,Turf Moor,,Head-to-Head,,16.0,Burnley,Barclays Premier League,82.4,1.53,0.82,62.94,13.0,Fulham,Barclays Premier League,84.9,1.9,0.9,68.22
248,23.0,Sat,2024-02-03,,Sheffield Utd,,,,Aston Villa,,Bramall Lane,,Head-to-Head,,18.0,Sheffield Utd,Barclays Premier League,81.6,1.49,1.03,56.57,7.0,Aston Villa,Barclays Premier League,88.4,2.01,0.51,79.3
249,23.0,Sat,2024-02-03,,Manchester Utd,,,,West Ham,,Old Trafford,,Head-to-Head,,4.0,Manchester Utd,Barclays Premier League,92.3,2.35,0.74,79.08,11.0,West Ham,Barclays Premier League,86.7,1.94,0.81,71.12
250,23.0,Sat,2024-02-03,,Chelsea,,,,Wolves,,Stamford Bridge,,Head-to-Head,,10.0,Chelsea,Barclays Premier League,86.8,2.04,0.68,75.78,14.0,Wolves,Barclays Premier League,83.9,1.55,0.99,59.06
251,23.0,Sat,2024-02-03,,Everton,,,,Tottenham,,Goodison Park,,Head-to-Head,,17.0,Everton,Barclays Premier League,82.4,1.82,1.03,63.63,9.0,Tottenham,Barclays Premier League,87.7,2.19,0.95,72.14
252,,,,,,,,,,,,,,,,,,,,,,,,,,,,
253,24.0,Sat,2024-02-10,,Manchester City,,,,Everton,,Etihad Stadium,,Head-to-Head,,1.0,Manchester City,Barclays Premier League,100.0,2.79,0.28,92.0,17.0,Everton,Barclays Premier League,82.4,1.82,1.03,63.63
254,24.0,Sat,2024-02-10,,Crystal Palace,,,,Chelsea,,Selhurst Park,,Head-to-Head,,12.0,Crystal Palace,Barclays Premier League,85.3,1.81,0.62,73.46,10.0,Chelsea,Barclays Premier League,86.8,2.04,0.68,75.78
255,24.0,Sat,2024-02-10,,Luton Town,,,,Sheffield Utd,,Kenilworth Road Stadium,,Head-to-Head,,20.0,Luton Town,Barclays Premier League,80.8,1.35,0.94,55.48,18.0,Sheffield Utd,Barclays Premier League,81.6,1.49,1.03,56.57
256,24.0,Sat,2024-02-10,,Nott'ham Forest,,,,Newcastle Utd,,The City Ground,,Head-to-Head,,15.0,Nott'ham Forest,Barclays Premier League,82.5,1.64,1.19,56.13,5.0,Newcastle Utd,Barclays Premier League,90.7,2.38,0.53,83.7
257,24.0,Sat,2024-02-10,,Liverpool,,,,Burnley,,Anfield,,Head-to-Head,,2.0,Liverpool,Barclays Premier League,94.1,2.63,0.67,83.93,16.0,Burnley,Barclays Premier League,82.4,1.53,0.82,62.94
258,24.0,Sat,2024-02-10,,Wolves,,,,Brentford,,Molineux Stadium,,Head-to-Head,,14.0,Wolves,Barclays Premier League,83.9,1.55,0.99,59.06,8.0,Brentford,Barclays Premier League,88.2,2.1,0.67,77.14
259,24.0,Sat,2024-02-10,,West Ham,,,,Arsenal,,London Stadium,,Head-to-Head,,11.0,West Ham,Barclays Premier League,86.7,1.94,0.81,71.12,3.0,Arsenal,Barclays Premier League,92.8,2.53,0.61,83.92
260,24.0,Sat,2024-02-10,,Fulham,,,,Bournemouth,,Craven Cottage,,Head-to-Head,,13.0,Fulham,Barclays Premier League,84.9,1.9,0.9,68.22,19.0,Bournemouth,Barclays Premier League,81.3,1.68,1.08,59.58
261,24.0,Sat,2024-02-10,,Tottenham,,,,Brighton,,Tottenham Hotspur Stadium,,Head-to-Head,,9.0,Tottenham,Barclays Premier League,87.7,2.19,0.95,72.14,6.0,Brighton,Barclays Premier League,89.3,2.47,0.73,80.88
262,24.0,Sat,2024-02-10,,Aston Villa,,,,Manchester Utd,,Villa Park,,Head-to-Head,,7.0,Aston Villa,Barclays Premier League,88.4,2.01,0.51,79.3,4.0,Manchester Utd,Barclays Premier League,92.3,2.35,0.74,79.08
263,,,,,,,,,,,,,,,,,,,,,,,,,,,,
264,25.0,Sat,2024-02-17,,Newcastle Utd,,,,Bournemouth,,St James' Park,,Head-to-Head,,5.0,Newcastle Utd,Barclays Premier League,90.7,2.38,0.53,83.7,19.0,Bournemouth,Barclays Premier League,81.3,1.68,1.08,59.58
265,25.0,Sat,2024-02-17,,Tottenham,,,,Wolves,,Tottenham Hotspur Stadium,,Head-to-Head,,9.0,Tottenham,Barclays Premier League,87.7,2.19,0.95,72.14,14.0,Wolves,Barclays Premier League,83.9,1.55,0.99,59.06
266,25.0,Sat,2024-02-17,,Luton Town,,,,Manchester Utd,,Kenilworth Road Stadium,,Head-to-Head,,20.0,Luton Town,Barclays Premier League,80.8,1.35,0.94,55.48,4.0,Manchester Utd,Barclays Premier League,92.3,2.35,0.74,79.08
267,25.0,Sat,2024-02-17,,Everton,,,,Crystal Palace,,Goodison Park,,Head-to-Head,,17.0,Everton,Barclays Premier League,82.4,1.82,1.03,63.63,12.0,Crystal Palace,Barclays Premier League,85.3,1.81,0.62,73.46
268,25.0,Sat,2024-02-17,,Burnley,,,,Arsenal,,Turf Moor,,Head-to-Head,,16.0,Burnley,Barclays Premier League,82.4,1.53,0.82,62.94,3.0,Arsenal,Barclays Premier League,92.8,2.53,0.61,83.92
269,25.0,Sat,2024-02-17,,Manchester City,,,,Chelsea,,Etihad Stadium,,Head-to-Head,,1.0,Manchester City,Barclays Premier League,100.0,2.79,0.28,92.0,10.0,Chelsea,Barclays Premier League,86.8,2.04,0.68,75.78
270,25.0,Sat,2024-02-17,,Fulham,,,,Aston Villa,,Craven Cottage,,Head-to-Head,,13.0,Fulham,Barclays Premier League,84.9,1.9,0.9,68.22,7.0,Aston Villa,Barclays Premier League,88.4,2.01,0.51,79.3
271,25.0,Sat,2024-02-17,,Sheffield Utd,,,,Brighton,,Bramall Lane,,Head-to-Head,,18.0,Sheffield Utd,Barclays Premier League,81.6,1.49,1.03,56.57,6.0,Brighton,Barclays Premier League,89.3,2.47,0.73,80.88
272,25.0,Sat,2024-02-17,,Brentford,,,,Liverpool,,Brentford Community Stadium,,Head-to-Head,,8.0,Brentford,Barclays Premier League,88.2,2.1,0.67,77.14,2.0,Liverpool,Barclays Premier League,94.1,2.63,0.67,83.93
273,25.0,Sat,2024-02-17,,Nott'ham Forest,,,,West Ham,,The City Ground,,Head-to-Head,,15.0,Nott'ham Forest,Barclays Premier League,82.5,1.64,1.19,56.13,11.0,West Ham,Barclays Premier League,86.7,1.94,0.81,71.12
274,,,,,,,,,,,,,,,,,,,,,,,,,,,,
275,26.0,Sat,2024-02-24,,West Ham,,,,Brentford,,London Stadium,,Head-to-Head,,11.0,West Ham,Barclays Premier League,86.7,1.94,0.81,71.12,8.0,Brentford,Barclays Premier League,88.2,2.1,0.67,77.14
276,26.0,Sat,2024-02-24,,Manchester Utd,,,,Fulham,,Old Trafford,,Head-to-Head,,4.0,Manchester Utd,Barclays Premier League,92.3,2.35,0.74,79.08,13.0,Fulham,Barclays Premier League,84.9,1.9,0.9,68.22
277,26.0,Sat,2024-02-24,,Liverpool,,,,Luton Town,,Anfield,,Head-to-Head,,2.0,Liverpool,Barclays Premier League,94.1,2.63,0.67,83.93,20.0,Luton Town,Barclays Premier League,80.8,1.35,0.94,55.48
278,26.0,Sat,2024-02-24,,Chelsea,,,,Tottenham,,Stamford Bridge,,Head-to-Head,,10.0,Chelsea,Barclays Premier League,86.8,2.04,0.68,75.78,9.0,Tottenham,Barclays Premier League,87.7,2.19,0.95,72.14
279,26.0,Sat,2024-02-24,,Crystal Palace,,,,Burnley,,Selhurst Park,,Head-to-Head,,12.0,Crystal Palace,Barclays Premier League,85.3,1.81,0.62,73.46,16.0,Burnley,Barclays Premier League,82.4,1.53,0.82,62.94
280,26.0,Sat,2024-02-24,,Arsenal,,,,Newcastle Utd,,Emirates Stadium,,Head-to-Head,,3.0,Arsenal,Barclays Premier League,92.8,2.53,0.61,83.92,5.0,Newcastle Utd,Barclays Premier League,90.7,2.38,0.53,83.7
281,26.0,Sat,2024-02-24,,Wolves,,,,Sheffield Utd,,Molineux Stadium,,Head-to-Head,,14.0,Wolves,Barclays Premier League,83.9,1.55,0.99,59.06,18.0,Sheffield Utd,Barclays Premier League,81.6,1.49,1.03,56.57
282,26.0,Sat,2024-02-24,,Brighton,,,,Everton,,The American Express Community Stadium,,Head-to-Head,,6.0,Brighton,Barclays Premier League,89.3,2.47,0.73,80.88,17.0,Everton,Barclays Premier League,82.4,1.82,1.03,63.63
283,26.0,Sat,2024-02-24,,Aston Villa,,,,Nott'ham Forest,,Villa Park,,Head-to-Head,,7.0,Aston Villa,Barclays Premier League,88.4,2.01,0.51,79.3,15.0,Nott'ham Forest,Barclays Premier League,82.5,1.64,1.19,56.13
284,26.0,Sat,2024-02-24,,Bournemouth,,,,Manchester City,,Vitality Stadium,,Head-to-Head,,19.0,Bournemouth,Barclays Premier League,81.3,1.68,1.08,59.58,1.0,Manchester City,Barclays Premier League,100.0,2.79,0.28,92.0
285,,,,,,,,,,,,,,,,,,,,,,,,,,,,
286,27.0,Sat,2024-03-02,,Fulham,,,,Brighton,,Craven Cottage,,Head-to-Head,,13.0,Fulham,Barclays Premier League,84.9,1.9,0.9,68.22,6.0,Brighton,Barclays Premier League,89.3,2.47,0.73,80.88
287,27.0,Sat,2024-03-02,,Sheffield Utd,,,,Arsenal,,Bramall Lane,,Head-to-Head,,18.0,Sheffield Utd,Barclays Premier League,81.6,1.49,1.03,56.57,3.0,Arsenal,Barclays Premier League,92.8,2.53,0.61,83.92
288,27.0,Sat,2024-03-02,,Luton Town,,,,Aston Villa,,Kenilworth Road Stadium,,Head-to-Head,,20.0,Luton Town,Barclays Premier League,80.8,1.35,0.94,55.48,7.0,Aston Villa,Barclays Premier League,88.4,2.01,0.51,79.3
289,27.0,Sat,2024-03-02,,Manchester City,,,,Manchester Utd,,Etihad Stadium,,Head-to-Head,,1.0,Manchester City,Barclays Premier League,100.0,2.79,0.28,92.0,4.0,Manchester Utd,Barclays Premier League,92.3,2.35,0.74,79.08
290,27.0,Sat,2024-03-02,,Tottenham,,,,Crystal Palace,,Tottenham Hotspur Stadium,,Head-to-Head,,9.0,Tottenham,Barclays Premier League,87.7,2.19,0.95,72.14,12.0,Crystal Palace,Barclays Premier League,85.3,1.81,0.62,73.46
291,27.0,Sat,2024-03-02,,Brentford,,,,Chelsea,,Brentford Community Stadium,,Head-to-Head,,8.0,Brentford,Barclays Premier League,88.2,2.1,0.67,77.14,10.0,Chelsea,Barclays Premier League,86.8,2.04,0.68,75.78
292,27.0,Sat,2024-03-02,,Newcastle Utd,,,,Wolves,,St James' Park,,Head-to-Head,,5.0,Newcastle Utd,Barclays Premier League,90.7,2.38,0.53,83.7,14.0,Wolves,Barclays Premier League,83.9,1.55,0.99,59.06
293,27.0,Sat,2024-03-02,,Nott'ham Forest,,,,Liverpool,,The City Ground,,Head-to-Head,,15.0,Nott'ham Forest,Barclays Premier League,82.5,1.64,1.19,56.13,2.0,Liverpool,Barclays Premier League,94.1,2.63,0.67,83.93
294,27.0,Sat,2024-03-02,,Everton,,,,West Ham,,Goodison Park,,Head-to-Head,,17.0,Everton,Barclays Premier League,82.4,1.82,1.03,63.63,11.0,West Ham,Barclays Premier League,86.7,1.94,0.81,71.12
295,27.0,Sat,2024-03-02,,Burnley,,,,Bournemouth,,Turf Moor,,Head-to-Head,,16.0,Burnley,Barclays Premier League,82.4,1.53,0.82,62.94,19.0,Bournemouth,Barclays Premier League,81.3,1.68,1.08,59.58
296,,,,,,,,,,,,,,,,,,,,,,,,,,,,
297,28.0,Sat,2024-03-09,,Arsenal,,,,Brentford,,Emirates Stadium,,Head-to-Head,,3.0,Arsenal,Barclays Premier League,92.8,2.53,0.61,83.92,8.0,Brentford,Barclays Premier League,88.2,2.1,0.67,77.14
298,28.0,Sat,2024-03-09,,Bournemouth,,,,Sheffield Utd,,Vitality Stadium,,Head-to-Head,,19.0,Bournemouth,Barclays Premier League,81.3,1.68,1.08,59.58,18.0,Sheffield Utd,Barclays Premier League,81.6,1.49,1.03,56.57
299,28.0,Sat,2024-03-09,,Liverpool,,,,Manchester City,,Anfield,,Head-to-Head,,2.0,Liverpool,Barclays Premier League,94.1,2.63,0.67,83.93,1.0,Manchester City,Barclays Premier League,100.0,2.79,0.28,92.0
300,28.0,Sat,2024-03-09,,West Ham,,,,Burnley,,London Stadium,,Head-to-Head,,11.0,West Ham,Barclays Premier League,86.7,1.94,0.81,71.12,16.0,Burnley,Barclays Premier League,82.4,1.53,0.82,62.94
301,28.0,Sat,2024-03-09,,Aston Villa,,,,Tottenham,,Villa Park,,Head-to-Head,,7.0,Aston Villa,Barclays Premier League,88.4,2.01,0.51,79.3,9.0,Tottenham,Barclays Premier League,87.7,2.19,0.95,72.14
302,28.0,Sat,2024-03-09,,Wolves,,,,Fulham,,Molineux Stadium,,Head-to-Head,,14.0,Wolves,Barclays Premier League,83.9,1.55,0.99,59.06,13.0,Fulham,Barclays Premier League,84.9,1.9,0.9,68.22
303,28.0,Sat,2024-03-09,,Chelsea,,,,Newcastle Utd,,Stamford Bridge,,Head-to-Head,,10.0,Chelsea,Barclays Premier League,86.8,2.04,0.68,75.78,5.0,Newcastle Utd,Barclays Premier League,90.7,2.38,0.53,83.7
304,28.0,Sat,2024-03-09,,Brighton,,,,Nott'ham Forest,,The American Express Community Stadium,,Head-to-Head,,6.0,Brighton,Barclays Premier League,89.3,2.47,0.73,80.88,15.0,Nott'ham Forest,Barclays Premier League,82.5,1.64,1.19,56.13
305,28.0,Sat,2024-03-09,,Crystal Palace,,,,Luton Town,,Selhurst Park,,Head-to-Head,,12.0,Crystal Palace,Barclays Premier League,85.3,1.81,0.62,73.46,20.0,Luton Town,Barclays Premier League,80.8,1.35,0.94,55.48
306,28.0,Sat,2024-03-09,,Manchester Utd,,,,Everton,,Old Trafford,,Head-to-Head,,4.0,Manchester Utd,Barclays Premier League,92.3,2.35,0.74,79.08,17.0,Everton,Barclays Premier League,82.4,1.82,1.03,63.63
307,,,,,,,,,,,,,,,,,,,,,,,,,,,,
308,29.0,Sat,2024-03-16,,Wolves,,,,Bournemouth,,Molineux Stadium,,Head-to-Head,,14.0,Wolves,Barclays Premier League,83.9,1.55,0.99,59.06,19.0,Bournemouth,Barclays Premier League,81.3,1.68,1.08,59.58
309,29.0,Sat,2024-03-16,,Arsenal,,,,Chelsea,,Emirates Stadium,,Head-to-Head,,3.0,Arsenal,Barclays Premier League,92.8,2.53,0.61,83.92,10.0,Chelsea,Barclays Premier League,86.8,2.04,0.68,75.78
310,29.0,Sat,2024-03-16,,Brighton,,,,Manchester City,,The American Express Community Stadium,,Head-to-Head,,6.0,Brighton,Barclays Premier League,89.3,2.47,0.73,80.88,1.0,Manchester City,Barclays Premier League,100.0,2.79,0.28,92.0
311,29.0,Sat,2024-03-16,,Manchester Utd,,,,Sheffield Utd,,Old Trafford,,Head-to-Head,,4.0,Manchester Utd,Barclays Premier League,92.3,2.35,0.74,79.08,18.0,Sheffield Utd,Barclays Premier League,81.6,1.49,1.03,56.57
312,29.0,Sat,2024-03-16,,Luton Town,,,,Nott'ham Forest,,Kenilworth Road Stadium,,Head-to-Head,,20.0,Luton Town,Barclays Premier League,80.8,1.35,0.94,55.48,15.0,Nott'ham Forest,Barclays Premier League,82.5,1.64,1.19,56.13
313,29.0,Sat,2024-03-16,,Fulham,,,,Tottenham,,Craven Cottage,,Head-to-Head,,13.0,Fulham,Barclays Premier League,84.9,1.9,0.9,68.22,9.0,Tottenham,Barclays Premier League,87.7,2.19,0.95,72.14
314,29.0,Sat,2024-03-16,,Everton,,,,Liverpool,,Goodison Park,,Head-to-Head,,17.0,Everton,Barclays Premier League,82.4,1.82,1.03,63.63,2.0,Liverpool,Barclays Premier League,94.1,2.63,0.67,83.93
315,29.0,Sat,2024-03-16,,Burnley,,,,Brentford,,Turf Moor,,Head-to-Head,,16.0,Burnley,Barclays Premier League,82.4,1.53,0.82,62.94,8.0,Brentford,Barclays Premier League,88.2,2.1,0.67,77.14
316,29.0,Sat,2024-03-16,,Crystal Palace,,,,Newcastle Utd,,Selhurst Park,,Head-to-Head,,12.0,Crystal Palace,Barclays Premier League,85.3,1.81,0.62,73.46,5.0,Newcastle Utd,Barclays Premier League,90.7,2.38,0.53,83.7
317,29.0,Sat,2024-03-16,,West Ham,,,,Aston Villa,,London Stadium,,Head-to-Head,,11.0,West Ham,Barclays Premier League,86.7,1.94,0.81,71.12,7.0,Aston Villa,Barclays Premier League,88.4,2.01,0.51,79.3
318,,,,,,,,,,,,,,,,,,,,,,,,,,,,
319,30.0,Sat,2024-03-30,,Bournemouth,,,,Everton,,Vitality Stadium,,Head-to-Head,,19.0,Bournemouth,Barclays Premier League,81.3,1.68,1.08,59.58,17.0,Everton,Barclays Premier League,82.4,1.82,1.03,63.63
320,30.0,Sat,2024-03-30,,Newcastle Utd,,,,West Ham,,St James' Park,,Head-to-Head,,5.0,Newcastle Utd,Barclays Premier League,90.7,2.38,0.53,83.7,11.0,West Ham,Barclays Premier League,86.7,1.94,0.81,71.12
321,30.0,Sat,2024-03-30,,Brentford,,,,Manchester Utd,,Brentford Community Stadium,,Head-to-Head,,8.0,Brentford,Barclays Premier League,88.2,2.1,0.67,77.14,4.0,Manchester Utd,Barclays Premier League,92.3,2.35,0.74,79.08
322,30.0,Sat,2024-03-30,,Aston Villa,,,,Wolves,,Villa Park,,Head-to-Head,,7.0,Aston Villa,Barclays Premier League,88.4,2.01,0.51,79.3,14.0,Wolves,Barclays Premier League,83.9,1.55,0.99,59.06
323,30.0,Sat,2024-03-30,,Tottenham,,,,Luton Town,,Tottenham Hotspur Stadium,,Head-to-Head,,9.0,Tottenham,Barclays Premier League,87.7,2.19,0.95,72.14,20.0,Luton Town,Barclays Premier League,80.8,1.35,0.94,55.48
324,30.0,Sat,2024-03-30,,Manchester City,,,,Arsenal,,Etihad Stadium,,Head-to-Head,,1.0,Manchester City,Barclays Premier League,100.0,2.79,0.28,92.0,3.0,Arsenal,Barclays Premier League,92.8,2.53,0.61,83.92
325,30.0,Sat,2024-03-30,,Nott'ham Forest,,,,Crystal Palace,,The City Ground,,Head-to-Head,,15.0,Nott'ham Forest,Barclays Premier League,82.5,1.64,1.19,56.13,12.0,Crystal Palace,Barclays Premier League,85.3,1.81,0.62,73.46
326,30.0,Sat,2024-03-30,,Sheffield Utd,,,,Fulham,,Bramall Lane,,Head-to-Head,,18.0,Sheffield Utd,Barclays Premier League,81.6,1.49,1.03,56.57,13.0,Fulham,Barclays Premier League,84.9,1.9,0.9,68.22
327,30.0,Sat,2024-03-30,,Liverpool,,,,Brighton,,Anfield,,Head-to-Head,,2.0,Liverpool,Barclays Premier League,94.1,2.63,0.67,83.93,6.0,Brighton,Barclays Premier League,89.3,2.47,0.73,80.88
328,30.0,Sat,2024-03-30,,Chelsea,,,,Burnley,,Stamford Bridge,,Head-to-Head,,10.0,Chelsea,Barclays Premier League,86.8,2.04,0.68,75.78,16.0,Burnley,Barclays Premier League,82.4,1.53,0.82,62.94
329,,,,,,,,,,,,,,,,,,,,,,,,,,,,
330,31.0,Tue,2024-04-02,,Bournemouth,,,,Crystal Palace,,Vitality Stadium,,Head-to-Head,,19.0,Bournemouth,Barclays Premier League,81.3,1.68,1.08,59.58,12.0,Crystal Palace,Barclays Premier League,85.3,1.81,0.62,73.46
331,31.0,Tue,2024-04-02,,West Ham,,,,Tottenham,,London Stadium,,Head-to-Head,,11.0,West Ham,Barclays Premier League,86.7,1.94,0.81,71.12,9.0,Tottenham,Barclays Premier League,87.7,2.19,0.95,72.14
332,31.0,Tue,2024-04-02,,Nott'ham Forest,,,,Fulham,,The City Ground,,Head-to-Head,,15.0,Nott'ham Forest,Barclays Premier League,82.5,1.64,1.19,56.13,13.0,Fulham,Barclays Premier League,84.9,1.9,0.9,68.22
333,31.0,Tue,2024-04-02,,Arsenal,,,,Luton Town,,Emirates Stadium,,Head-to-Head,,3.0,Arsenal,Barclays Premier League,92.8,2.53,0.61,83.92,20.0,Luton Town,Barclays Premier League,80.8,1.35,0.94,55.48
334,31.0,Tue,2024-04-02,,Brentford,,,,Brighton,,Brentford Community Stadium,,Head-to-Head,,8.0,Brentford,Barclays Premier League,88.2,2.1,0.67,77.14,6.0,Brighton,Barclays Premier League,89.3,2.47,0.73,80.88
335,31.0,Tue,2024-04-02,,Burnley,,,,Wolves,,Turf Moor,,Head-to-Head,,16.0,Burnley,Barclays Premier League,82.4,1.53,0.82,62.94,14.0,Wolves,Barclays Premier League,83.9,1.55,0.99,59.06
336,31.0,Wed,2024-04-03,,Liverpool,,,,Sheffield Utd,,Anfield,,Head-to-Head,,2.0,Liverpool,Barclays Premier League,94.1,2.63,0.67,83.93,18.0,Sheffield Utd,Barclays Premier League,81.6,1.49,1.03,56.57
337,31.0,Wed,2024-04-03,,Newcastle Utd,,,,Everton,,St James' Park,,Head-to-Head,,5.0,Newcastle Utd,Barclays Premier League,90.7,2.38,0.53,83.7,17.0,Everton,Barclays Premier League,82.4,1.82,1.03,63.63
338,31.0,Wed,2024-04-03,,Manchester City,,,,Aston Villa,,Etihad Stadium,,Head-to-Head,,1.0,Manchester City,Barclays Premier League,100.0,2.79,0.28,92.0,7.0,Aston Villa,Barclays Premier League,88.4,2.01,0.51,79.3
339,31.0,Wed,2024-04-03,,Chelsea,,,,Manchester Utd,,Stamford Bridge,,Head-to-Head,,10.0,Chelsea,Barclays Premier League,86.8,2.04,0.68,75.78,4.0,Manchester Utd,Barclays Premier League,92.3,2.35,0.74,79.08
340,,,,,,,,,,,,,,,,,,,,,,,,,,,,
341,32.0,Sat,2024-04-06,,Luton Town,,,,Bournemouth,,Kenilworth Road Stadium,,Head-to-Head,,20.0,Luton Town,Barclays Premier League,80.8,1.35,0.94,55.48,19.0,Bournemouth,Barclays Premier League,81.3,1.68,1.08,59.58
342,32.0,Sat,2024-04-06,,Brighton,,,,Arsenal,,The American Express Community Stadium,,Head-to-Head,,6.0,Brighton,Barclays Premier League,89.3,2.47,0.73,80.88,3.0,Arsenal,Barclays Premier League,92.8,2.53,0.61,83.92
343,32.0,Sat,2024-04-06,,Wolves,,,,West Ham,,Molineux Stadium,,Head-to-Head,,14.0,Wolves,Barclays Premier League,83.9,1.55,0.99,59.06,11.0,West Ham,Barclays Premier League,86.7,1.94,0.81,71.12
344,32.0,Sat,2024-04-06,,Tottenham,,,,Nott'ham Forest,,Tottenham Hotspur Stadium,,Head-to-Head,,9.0,Tottenham,Barclays Premier League,87.7,2.19,0.95,72.14,15.0,Nott'ham Forest,Barclays Premier League,82.5,1.64,1.19,56.13
345,32.0,Sat,2024-04-06,,Fulham,,,,Newcastle Utd,,Craven Cottage,,Head-to-Head,,13.0,Fulham,Barclays Premier League,84.9,1.9,0.9,68.22,5.0,Newcastle Utd,Barclays Premier League,90.7,2.38,0.53,83.7
346,32.0,Sat,2024-04-06,,Everton,,,,Burnley,,Goodison Park,,Head-to-Head,,17.0,Everton,Barclays Premier League,82.4,1.82,1.03,63.63,16.0,Burnley,Barclays Premier League,82.4,1.53,0.82,62.94
347,32.0,Sat,2024-04-06,,Sheffield Utd,,,,Chelsea,,Bramall Lane,,Head-to-Head,,18.0,Sheffield Utd,Barclays Premier League,81.6,1.49,1.03,56.57,10.0,Chelsea,Barclays Premier League,86.8,2.04,0.68,75.78
348,32.0,Sat,2024-04-06,,Manchester Utd,,,,Liverpool,,Old Trafford,,Head-to-Head,,4.0,Manchester Utd,Barclays Premier League,92.3,2.35,0.74,79.08,2.0,Liverpool,Barclays Premier League,94.1,2.63,0.67,83.93
349,32.0,Sat,2024-04-06,,Aston Villa,,,,Brentford,,Villa Park,,Head-to-Head,,7.0,Aston Villa,Barclays Premier League,88.4,2.01,0.51,79.3,8.0,Brentford,Barclays Premier League,88.2,2.1,0.67,77.14
350,32.0,Sat,2024-04-06,,Crystal Palace,,,,Manchester City,,Selhurst Park,,Head-to-Head,,12.0,Crystal Palace,Barclays Premier League,85.3,1.81,0.62,73.46,1.0,Manchester City,Barclays Premier League,100.0,2.79,0.28,92.0
351,,,,,,,,,,,,,,,,,,,,,,,,,,,,
352,33.0,Sat,2024-04-13,,Chelsea,,,,Everton,,Stamford Bridge,,Head-to-Head,,10.0,Chelsea,Barclays Premier League,86.8,2.04,0.68,75.78,17.0,Everton,Barclays Premier League,82.4,1.82,1.03,63.63
353,33.0,Sat,2024-04-13,,Bournemouth,,,,Manchester Utd,,Vitality Stadium,,Head-to-Head,,19.0,Bournemouth,Barclays Premier League,81.3,1.68,1.08,59.58,4.0,Manchester Utd,Barclays Premier League,92.3,2.35,0.74,79.08
354,33.0,Sat,2024-04-13,,Manchester City,,,,Luton Town,,Etihad Stadium,,Head-to-Head,,1.0,Manchester City,Barclays Premier League,100.0,2.79,0.28,92.0,20.0,Luton Town,Barclays Premier League,80.8,1.35,0.94,55.48
355,33.0,Sat,2024-04-13,,Nott'ham Forest,,,,Wolves,,The City Ground,,Head-to-Head,,15.0,Nott'ham Forest,Barclays Premier League,82.5,1.64,1.19,56.13,14.0,Wolves,Barclays Premier League,83.9,1.55,0.99,59.06
356,33.0,Sat,2024-04-13,,Brentford,,,,Sheffield Utd,,Brentford Community Stadium,,Head-to-Head,,8.0,Brentford,Barclays Premier League,88.2,2.1,0.67,77.14,18.0,Sheffield Utd,Barclays Premier League,81.6,1.49,1.03,56.57
357,33.0,Sat,2024-04-13,,Newcastle Utd,,,,Tottenham,,St James' Park,,Head-to-Head,,5.0,Newcastle Utd,Barclays Premier League,90.7,2.38,0.53,83.7,9.0,Tottenham,Barclays Premier League,87.7,2.19,0.95,72.14
358,33.0,Sat,2024-04-13,,Liverpool,,,,Crystal Palace,,Anfield,,Head-to-Head,,2.0,Liverpool,Barclays Premier League,94.1,2.63,0.67,83.93,12.0,Crystal Palace,Barclays Premier League,85.3,1.81,0.62,73.46
359,33.0,Sat,2024-04-13,,West Ham,,,,Fulham,,London Stadium,,Head-to-Head,,11.0,West Ham,Barclays Premier League,86.7,1.94,0.81,71.12,13.0,Fulham,Barclays Premier League,84.9,1.9,0.9,68.22
360,33.0,Sat,2024-04-13,,Arsenal,,,,Aston Villa,,Emirates Stadium,,Head-to-Head,,3.0,Arsenal,Barclays Premier League,92.8,2.53,0.61,83.92,7.0,Aston Villa,Barclays Premier League,88.4,2.01,0.51,79.3
361,33.0,Sat,2024-04-13,,Burnley,,,,Brighton,,Turf Moor,,Head-to-Head,,16.0,Burnley,Barclays Premier League,82.4,1.53,0.82,62.94,6.0,Brighton,Barclays Premier League,89.3,2.47,0.73,80.88
362,,,,,,,,,,,,,,,,,,,,,,,,,,,,
363,34.0,Sat,2024-04-20,,Wolves,,,,Arsenal,,Molineux Stadium,,Head-to-Head,,14.0,Wolves,Barclays Premier League,83.9,1.55,0.99,59.06,3.0,Arsenal,Barclays Premier League,92.8,2.53,0.61,83.92
364,34.0,Sat,2024-04-20,,Tottenham,,,,Manchester City,,Tottenham Hotspur Stadium,,Head-to-Head,,9.0,Tottenham,Barclays Premier League,87.7,2.19,0.95,72.14,1.0,Manchester City,Barclays Premier League,100.0,2.79,0.28,92.0
365,34.0,Sat,2024-04-20,,Everton,,,,Nott'ham Forest,,Goodison Park,,Head-to-Head,,17.0,Everton,Barclays Premier League,82.4,1.82,1.03,63.63,15.0,Nott'ham Forest,Barclays Premier League,82.5,1.64,1.19,56.13
366,34.0,Sat,2024-04-20,,Aston Villa,,,,Bournemouth,,Villa Park,,Head-to-Head,,7.0,Aston Villa,Barclays Premier League,88.4,2.01,0.51,79.3,19.0,Bournemouth,Barclays Premier League,81.3,1.68,1.08,59.58
367,34.0,Sat,2024-04-20,,Crystal Palace,,,,West Ham,,Selhurst Park,,Head-to-Head,,12.0,Crystal Palace,Barclays Premier League,85.3,1.81,0.62,73.46,11.0,West Ham,Barclays Premier League,86.7,1.94,0.81,71.12
368,34.0,Sat,2024-04-20,,Fulham,,,,Liverpool,,Craven Cottage,,Head-to-Head,,13.0,Fulham,Barclays Premier League,84.9,1.9,0.9,68.22,2.0,Liverpool,Barclays Premier League,94.1,2.63,0.67,83.93
369,34.0,Sat,2024-04-20,,Brighton,,,,Chelsea,,The American Express Community Stadium,,Head-to-Head,,6.0,Brighton,Barclays Premier League,89.3,2.47,0.73,80.88,10.0,Chelsea,Barclays Premier League,86.8,2.04,0.68,75.78
370,34.0,Sat,2024-04-20,,Luton Town,,,,Brentford,,Kenilworth Road Stadium,,Head-to-Head,,20.0,Luton Town,Barclays Premier League,80.8,1.35,0.94,55.48,8.0,Brentford,Barclays Premier League,88.2,2.1,0.67,77.14
371,34.0,Sat,2024-04-20,,Manchester Utd,,,,Newcastle Utd,,Old Trafford,,Head-to-Head,,4.0,Manchester Utd,Barclays Premier League,92.3,2.35,0.74,79.08,5.0,Newcastle Utd,Barclays Premier League,90.7,2.38,0.53,83.7
372,34.0,Sat,2024-04-20,,Sheffield Utd,,,,Burnley,,Bramall Lane,,Head-to-Head,,18.0,Sheffield Utd,Barclays Premier League,81.6,1.49,1.03,56.57,16.0,Burnley,Barclays Premier League,82.4,1.53,0.82,62.94
373,,,,,,,,,,,,,,,,,,,,,,,,,,,,
374,35.0,Sat,2024-04-27,,Wolves,,,,Luton Town,,Molineux Stadium,,Head-to-Head,,14.0,Wolves,Barclays Premier League,83.9,1.55,0.99,59.06,20.0,Luton Town,Barclays Premier League,80.8,1.35,0.94,55.48
375,35.0,Sat,2024-04-27,,Nott'ham Forest,,,,Manchester City,,The City Ground,,Head-to-Head,,15.0,Nott'ham Forest,Barclays Premier League,82.5,1.64,1.19,56.13,1.0,Manchester City,Barclays Premier League,100.0,2.79,0.28,92.0
376,35.0,Sat,2024-04-27,,Fulham,,,,Crystal Palace,,Craven Cottage,,Head-to-Head,,13.0,Fulham,Barclays Premier League,84.9,1.9,0.9,68.22,12.0,Crystal Palace,Barclays Premier League,85.3,1.81,0.62,73.46
377,35.0,Sat,2024-04-27,,Aston Villa,,,,Chelsea,,Villa Park,,Head-to-Head,,7.0,Aston Villa,Barclays Premier League,88.4,2.01,0.51,79.3,10.0,Chelsea,Barclays Premier League,86.8,2.04,0.68,75.78
378,35.0,Sat,2024-04-27,,West Ham,,,,Liverpool,,London Stadium,,Head-to-Head,,11.0,West Ham,Barclays Premier League,86.7,1.94,0.81,71.12,2.0,Liverpool,Barclays Premier League,94.1,2.63,0.67,83.93
379,35.0,Sat,2024-04-27,,Everton,,,,Brentford,,Goodison Park,,Head-to-Head,,17.0,Everton,Barclays Premier League,82.4,1.82,1.03,63.63,8.0,Brentford,Barclays Premier League,88.2,2.1,0.67,77.14
380,35.0,Sat,2024-04-27,,Tottenham,,,,Arsenal,,Tottenham Hotspur Stadium,,Head-to-Head,,9.0,Tottenham,Barclays Premier League,87.7,2.19,0.95,72.14,3.0,Arsenal,Barclays Premier League,92.8,2.53,0.61,83.92
381,35.0,Sat,2024-04-27,,Manchester Utd,,,,Burnley,,Old Trafford,,Head-to-Head,,4.0,Manchester Utd,Barclays Premier League,92.3,2.35,0.74,79.08,16.0,Burnley,Barclays Premier League,82.4,1.53,0.82,62.94
382,35.0,Sat,2024-04-27,,Newcastle Utd,,,,Sheffield Utd,,St James' Park,,Head-to-Head,,5.0,Newcastle Utd,Barclays Premier League,90.7,2.38,0.53,83.7,18.0,Sheffield Utd,Barclays Premier League,81.6,1.49,1.03,56.57
383,35.0,Sat,2024-04-27,,Bournemouth,,,,Brighton,,Vitality Stadium,,Head-to-Head,,19.0,Bournemouth,Barclays Premier League,81.3,1.68,1.08,59.58,6.0,Brighton,Barclays Premier League,89.3,2.47,0.73,80.88
384,,,,,,,,,,,,,,,,,,,,,,,,,,,,
385,36.0,Sat,2024-05-04,,Arsenal,,,,Bournemouth,,Emirates Stadium,,Head-to-Head,,3.0,Arsenal,Barclays Premier League,92.8,2.53,0.61,83.92,19.0,Bournemouth,Barclays Premier League,81.3,1.68,1.08,59.58
386,36.0,Sat,2024-05-04,,Burnley,,,,Newcastle Utd,,Turf Moor,,Head-to-Head,,16.0,Burnley,Barclays Premier League,82.4,1.53,0.82,62.94,5.0,Newcastle Utd,Barclays Premier League,90.7,2.38,0.53,83.7
387,36.0,Sat,2024-05-04,,Liverpool,,,,Tottenham,,Anfield,,Head-to-Head,,2.0,Liverpool,Barclays Premier League,94.1,2.63,0.67,83.93,9.0,Tottenham,Barclays Premier League,87.7,2.19,0.95,72.14
388,36.0,Sat,2024-05-04,,Manchester City,,,,Wolves,,Etihad Stadium,,Head-to-Head,,1.0,Manchester City,Barclays Premier League,100.0,2.79,0.28,92.0,14.0,Wolves,Barclays Premier League,83.9,1.55,0.99,59.06
389,36.0,Sat,2024-05-04,,Brighton,,,,Aston Villa,,The American Express Community Stadium,,Head-to-Head,,6.0,Brighton,Barclays Premier League,89.3,2.47,0.73,80.88,7.0,Aston Villa,Barclays Premier League,88.4,2.01,0.51,79.3
390,36.0,Sat,2024-05-04,,Luton Town,,,,Everton,,Kenilworth Road Stadium,,Head-to-Head,,20.0,Luton Town,Barclays Premier League,80.8,1.35,0.94,55.48,17.0,Everton,Barclays Premier League,82.4,1.82,1.03,63.63
391,36.0,Sat,2024-05-04,,Crystal Palace,,,,Manchester Utd,,Selhurst Park,,Head-to-Head,,12.0,Crystal Palace,Barclays Premier League,85.3,1.81,0.62,73.46,4.0,Manchester Utd,Barclays Premier League,92.3,2.35,0.74,79.08
392,36.0,Sat,2024-05-04,,Sheffield Utd,,,,Nott'ham Forest,,Bramall Lane,,Head-to-Head,,18.0,Sheffield Utd,Barclays Premier League,81.6,1.49,1.03,56.57,15.0,Nott'ham Forest,Barclays Premier League,82.5,1.64,1.19,56.13
393,36.0,Sat,2024-05-04,,Brentford,,,,Fulham,,Brentford Community Stadium,,Head-to-Head,,8.0,Brentford,Barclays Premier League,88.2,2.1,0.67,77.14,13.0,Fulham,Barclays Premier League,84.9,1.9,0.9,68.22
394,36.0,Sat,2024-05-04,,Chelsea,,,,West Ham,,Stamford Bridge,,Head-to-Head,,10.0,Chelsea,Barclays Premier League,86.8,2.04,0.68,75.78,11.0,West Ham,Barclays Premier League,86.7,1.94,0.81,71.12
395,,,,,,,,,,,,,,,,,,,,,,,,,,,,
396,37.0,Sat,2024-05-11,,Wolves,,,,Crystal Palace,,Molineux Stadium,,Head-to-Head,,14.0,Wolves,Barclays Premier League,83.9,1.55,0.99,59.06,12.0,Crystal Palace,Barclays Premier League,85.3,1.81,0.62,73.46
397,37.0,Sat,2024-05-11,,West Ham,,,,Luton Town,,London Stadium,,Head-to-Head,,11.0,West Ham,Barclays Premier League,86.7,1.94,0.81,71.12,20.0,Luton Town,Barclays Premier League,80.8,1.35,0.94,55.48
398,37.0,Sat,2024-05-11,,Nott'ham Forest,,,,Chelsea,,The City Ground,,Head-to-Head,,15.0,Nott'ham Forest,Barclays Premier League,82.5,1.64,1.19,56.13,10.0,Chelsea,Barclays Premier League,86.8,2.04,0.68,75.78
399,37.0,Sat,2024-05-11,,Tottenham,,,,Burnley,,Tottenham Hotspur Stadium,,Head-to-Head,,9.0,Tottenham,Barclays Premier League,87.7,2.19,0.95,72.14,16.0,Burnley,Barclays Premier League,82.4,1.53,0.82,62.94
400,37.0,Sat,2024-05-11,,Everton,,,,Sheffield Utd,,Goodison Park,,Head-to-Head,,17.0,Everton,Barclays Premier League,82.4,1.82,1.03,63.63,18.0,Sheffield Utd,Barclays Premier League,81.6,1.49,1.03,56.57
401,37.0,Sat,2024-05-11,,Fulham,,,,Manchester City,,Craven Cottage,,Head-to-Head,,13.0,Fulham,Barclays Premier League,84.9,1.9,0.9,68.22,1.0,Manchester City,Barclays Premier League,100.0,2.79,0.28,92.0
402,37.0,Sat,2024-05-11,,Newcastle Utd,,,,Brighton,,St James' Park,,Head-to-Head,,5.0,Newcastle Utd,Barclays Premier League,90.7,2.38,0.53,83.7,6.0,Brighton,Barclays Premier League,89.3,2.47,0.73,80.88
403,37.0,Sat,2024-05-11,,Aston Villa,,,,Liverpool,,Villa Park,,Head-to-Head,,7.0,Aston Villa,Barclays Premier League,88.4,2.01,0.51,79.3,2.0,Liverpool,Barclays Premier League,94.1,2.63,0.67,83.93
404,37.0,Sat,2024-05-11,,Manchester Utd,,,,Arsenal,,Old Trafford,,Head-to-Head,,4.0,Manchester Utd,Barclays Premier League,92.3,2.35,0.74,79.08,3.0,Arsenal,Barclays Premier League,92.8,2.53,0.61,83.92
405,37.0,Sat,2024-05-11,,Bournemouth,,,,Brentford,,Vitality Stadium,,Head-to-Head,,19.0,Bournemouth,Barclays Premier League,81.3,1.68,1.08,59.58,8.0,Brentford,Barclays Premier League,88.2,2.1,0.67,77.14
406,,,,,,,,,,,,,,,,,,,,,,,,,,,,
407,38.0,Sun,2024-05-19,,Luton Town,,,,Fulham,,Kenilworth Road Stadium,,Head-to-Head,,20.0,Luton Town,Barclays Premier League,80.8,1.35,0.94,55.48,13.0,Fulham,Barclays Premier League,84.9,1.9,0.9,68.22
408,38.0,Sun,2024-05-19,,Sheffield Utd,,,,Tottenham,,Bramall Lane,,Head-to-Head,,18.0,Sheffield Utd,Barclays Premier League,81.6,1.49,1.03,56.57,9.0,Tottenham,Barclays Premier League,87.7,2.19,0.95,72.14
409,38.0,Sun,2024-05-19,,Manchester City,,,,West Ham,,Etihad Stadium,,Head-to-Head,,1.0,Manchester City,Barclays Premier League,100.0,2.79,0.28,92.0,11.0,West Ham,Barclays Premier League,86.7,1.94,0.81,71.12
410,38.0,Sun,2024-05-19,,Arsenal,,,,Everton,,Emirates Stadium,,Head-to-Head,,3.0,Arsenal,Barclays Premier League,92.8,2.53,0.61,83.92,17.0,Everton,Barclays Premier League,82.4,1.82,1.03,63.63
411,38.0,Sun,2024-05-19,,Brighton,,,,Manchester Utd,,The American Express Community Stadium,,Head-to-Head,,6.0,Brighton,Barclays Premier League,89.3,2.47,0.73,80.88,4.0,Manchester Utd,Barclays Premier League,92.3,2.35,0.74,79.08
412,38.0,Sun,2024-05-19,,Brentford,,,,Newcastle Utd,,Brentford Community Stadium,,Head-to-Head,,8.0,Brentford,Barclays Premier League,88.2,2.1,0.67,77.14,5.0,Newcastle Utd,Barclays Premier League,90.7,2.38,0.53,83.7
413,38.0,Sun,2024-05-19,,Chelsea,,,,Bournemouth,,Stamford Bridge,,Head-to-Head,,10.0,Chelsea,Barclays Premier League,86.8,2.04,0.68,75.78,19.0,Bournemouth,Barclays Premier League,81.3,1.68,1.08,59.58
414,38.0,Sun,2024-05-19,,Crystal Palace,,,,Aston Villa,,Selhurst Park,,Head-to-Head,,12.0,Crystal Palace,Barclays Premier League,85.3,1.81,0.62,73.46,7.0,Aston Villa,Barclays Premier League,88.4,2.01,0.51,79.3
415,38.0,Sun,2024-05-19,,Liverpool,,,,Wolves,,Anfield,,Head-to-Head,,2.0,Liverpool,Barclays Premier League,94.1,2.63,0.67,83.93,14.0,Wolves,Barclays Premier League,83.9,1.55,0.99,59.06
416,38.0,Sun,2024-05-19,,Burnley,,,,Nott'ham Forest,,Turf Moor,,Head-to-Head,,16.0,Burnley,Barclays Premier League,82.4,1.53,0.82,62.94,15.0,Nott'ham Forest,Barclays Premier League,82.5,1.64,1.19,56.13
